CustomerID,Gender,Age,Annual Income ($),Spending Score (1-100),Profession,Work Experience,Family Size,Cluster
556,1,89,57033,99,0,0,4,1
1492,0,32,96207,67,0,5,5,1
528,1,97,112783,21,0,9,6,0
1926,0,-3,105935,46,1,4,5,1
990,0,12,109759,96,0,9,3,1
71,1,70,91000,55,5,8,2,1
1757,1,69,76155,14,5,8,7,1
212,0,0,22000,92,0,2,1,1
197,0,45,78000,28,0,0,2,1
804,0,44,175424,32,0,4,5,0
1410,0,12,98532,52,1,0,6,1
1837,0,94,156574,96,8,0,7,0
1147,1,1,71564,68,0,1,5,1
1499,1,5,156655,20,3,4,5,0
1859,0,97,87955,79,2,0,2,1
1483,0,18,149727,78,0,7,3,0
1186,1,65,54431,93,5,1,7,1
472,1,91,93762,28,0,15,7,1
595,0,96,184771,77,2,8,5,0
322,1,5,69078,60,7,13,1,1
1418,0,1,138656,27,9,3,4,0
1675,0,13,132374,96,8,0,3,0
1591,0,23,52326,69,5,0,2,1
1704,0,18,53812,32,6,9,5,1
541,1,52,162921,51,4,0,4,0
206,0,63,10000,52,5,8,3,1
1888,0,77,124995,66,5,0,1,0
1249,0,-5,143082,63,3,0,7,0
132,1,42,26000,75,7,0,2,1
1256,1,70,56432,23,2,0,5,1
300,1,32,32000,86,3,5,2,1
1227,0,87,177260,45,3,14,2,0
1919,0,14,152765,17,5,8,1,0
465,1,55,53231,41,8,0,5,1
384,0,12,184522,43,0,0,2,0
150,1,34,90000,90,0,6,3,1
870,0,43,113575,6,3,1,2,0
1979,1,84,104589,85,0,10,2,1
457,1,-4,187297,7,0,0,1,0
1866,1,19,51604,4,0,0,2,1
213,1,82,12000,70,8,2,4,1
1007,0,61,101007,60,7,0,6,1
1048,0,80,64057,44,1,0,3,1
706,0,38,130597,2,0,6,1,0
1144,0,85,145679,91,7,9,6,0
1597,0,78,178576,51,4,5,5,0
1988,1,63,59244,80,0,7,1,1
180,1,35,42000,90,2,8,1,1
110,1,66,13000,48,5,9,3,1
1079,1,30,130267,45,2,8,4,0
1056,0,50,181270,56,0,1,1,0
1953,0,61,149237,80,3,8,6,0
315,1,12,53927,77,1,2,3,1
1823,0,81,105255,54,4,8,3,1
568,0,99,172896,13,2,0,3,0
880,1,25,128258,48,4,0,2,0
231,0,1,93000,53,7,8,2,1
1412,0,51,58006,83,4,1,5,1
1225,0,63,139588,66,4,0,2,0
1937,0,11,68009,17,0,9,3,1
1250,0,91,85447,4,0,9,6,1
930,0,12,82382,97,4,1,3,1
579,0,32,146195,89,5,4,4,0
1380,1,88,131584,18,0,7,3,0
293,1,9,38000,66,0,8,8,1
1503,0,63,116971,76,4,7,5,0
1783,0,8,168723,31,6,7,2,0
606,0,3,155864,31,5,13,3,0
1989,0,54,118944,77,0,4,4,0
15,1,37,19000,13,1,0,1,1
1262,1,24,188034,61,5,1,5,0
1239,0,23,88064,73,4,1,5,1
1319,0,73,66256,13,7,1,2,1
9,1,64,97000,3,2,0,3,1
890,0,75,65528,73,8,1,5,1
1149,0,91,51733,96,5,0,5,1
1552,1,-1,131093,79,7,1,7,0
1445,0,59,81702,27,8,6,4,1
394,0,86,163463,31,0,9,4,0
1583,1,33,109223,43,2,1,5,1
859,0,62,153607,48,5,1,4,0
539,1,91,71925,14,0,4,2,1
1488,0,23,91549,23,0,4,3,1
808,1,25,57535,84,3,1,7,1
1415,1,93,121513,90,2,0,6,0
799,1,75,91456,13,0,1,4,1
1540,0,88,166163,87,2,8,5,0
1816,1,33,149609,44,4,9,2,0
330,0,78,98922,2,0,2,3,1
648,0,78,160351,77,7,8,5,0
1425,0,7,137354,89,0,8,7,0
360,1,16,165999,71,5,9,3,0
1322,0,26,178285,91,0,4,7,0
788,1,67,107409,2,0,1,6,1
1993,1,94,181183,24,8,9,3,0
1117,1,13,100647,49,4,1,3,1
1321,1,97,128723,58,0,4,5,0
1657,1,5,64484,10,6,0,5,1
1553,0,34,100621,3,5,1,1,1
33,1,53,59000,4,5,1,3,1
464,0,16,91358,11,3,1,4,1
516,0,38,148196,91,0,0,2,0
296,0,61,69000,43,4,9,3,1
167,1,42,79000,20,6,9,3,1
863,0,7,170319,46,0,8,7,0
415,0,75,135088,5,7,1,5,0
34,1,18,62000,92,6,9,7,1
185,0,41,39000,39,0,1,1,1
1023,0,44,55472,51,5,1,3,1
1241,0,65,153821,8,8,1,4,0
1302,0,72,81112,61,5,5,3,1
1953,0,58,149237,80,3,8,6,0
1750,0,35,150823,75,0,4,1,0
1622,0,94,86172,55,0,4,4,1
1243,1,88,93555,13,0,3,3,1
1550,0,83,68341,22,0,13,6,1
722,0,27,99950,20,3,0,4,1
1175,0,16,60044,83,0,4,1,1
671,1,54,59163,100,8,3,3,1
1332,1,21,132183,76,0,10,3,0
1747,1,49,91290,44,5,7,7,1
425,0,62,155672,71,3,7,7,0
1557,0,48,70844,22,3,0,3,1
867,0,45,79801,77,1,0,2,1
1537,0,38,70280,99,2,0,4,1
585,0,10,112818,85,8,15,7,0
1745,0,93,74467,33,7,5,1,1
1868,0,52,125508,15,0,1,6,0
719,0,15,50550,34,5,9,7,1
1371,1,27,84658,66,7,4,6,1
980,0,62,177512,62,2,2,3,0
1931,1,72,182317,46,5,8,6,0
21,1,34,96000,35,6,12,1,1
611,1,90,90082,17,0,5,7,1
1627,1,8,74407,100,1,0,6,1
426,0,66,72847,93,0,1,2,1
1054,0,67,111587,99,0,7,4,0
1008,1,84,87529,49,0,9,7,1
600,1,62,71795,87,5,8,1,1
1748,0,64,92812,97,0,5,7,1
352,1,103,173394,4,2,13,1,0
1430,1,29,145934,40,8,10,2,0
1115,1,56,119296,49,2,0,7,0
643,1,26,154857,13,5,0,7,0
403,1,54,186359,95,1,13,2,0
491,0,59,130511,97,0,3,4,0
500,1,36,65723,91,0,6,7,1
1004,1,8,74253,45,7,1,6,1
115,0,18,97000,48,4,0,3,1
1485,0,61,113389,79,1,4,6,0
1879,0,71,91823,74,0,1,4,1
474,1,19,130813,92,0,17,5,0
271,1,94,91000,36,3,0,4,1
342,1,77,142034,82,3,1,4,0
1059,1,11,104953,57,1,1,6,1
1199,1,84,126669,53,0,1,6,0
1045,1,75,94129,27,5,6,7,1
1498,1,37,157358,52,5,7,4,0
794,0,55,132860,17,5,7,2,0
393,1,18,119116,30,0,17,4,0
1471,1,20,182292,78,0,7,5,0
1838,0,90,60998,35,3,1,7,1
359,0,69,67353,19,7,9,3,1
335,0,65,116126,58,3,10,2,0
18,1,20,89000,66,5,1,6,1
1655,0,23,186723,42,3,8,5,0
1211,1,92,96424,74,0,8,5,1
118,0,53,79000,59,0,0,2,1
230,1,15,94000,30,5,7,2,1
1118,0,95,168663,16,2,11,5,0
1293,1,24,70733,63,0,5,3,1
496,0,85,179877,17,5,12,4,0
1545,0,30,115438,37,0,0,6,0
462,0,96,135800,29,5,0,7,0
904,0,15,174501,37,9,9,7,0
1564,0,56,138864,93,0,0,5,0
554,0,30,139592,62,8,1,1,0
319,1,66,182937,44,8,8,1,0
454,0,49,123234,50,7,10,7,0
1266,1,65,77440,47,7,0,5,1
453,0,65,156777,20,5,7,2,0
1492,0,28,96207,67,0,5,5,1
1573,0,94,102788,51,0,0,1,1
1290,0,75,86297,42,4,9,4,1
1323,0,94,144176,74,8,7,2,0
1519,1,3,72889,36,6,5,7,1
1394,0,46,121267,58,2,1,1,0
234,0,79,3000,14,5,0,4,1
658,1,94,171677,81,0,0,6,0
1057,1,47,65207,81,5,1,2,1
120,0,49,87000,57,0,1,2,1
1195,0,14,143313,57,1,4,7,0
1895,0,39,61298,91,0,0,5,1
1663,1,67,172407,60,1,9,3,0
1331,1,69,185067,49,7,5,4,0
1179,0,38,161130,98,0,8,3,0
1721,0,45,155881,22,7,0,7,0
158,0,28,87000,78,0,3,4,1
299,1,17,79000,16,0,1,3,1
94,0,40,31000,40,3,1,2,1
405,1,78,166335,45,2,5,5,0
1549,0,76,119435,55,3,0,7,0
1576,1,55,63683,34,5,3,1,1
1746,0,69,127410,37,2,8,2,0
887,0,92,76646,61,0,0,1,1
1794,0,22,101474,14,6,10,2,1
24,1,31,71000,73,0,5,2,1
1351,1,65,135076,60,2,1,5,0
1624,1,77,71543,1,3,1,4,1
1732,1,20,103195,68,1,0,7,1
1085,0,38,52884,24,7,1,1,1
1992,0,98,129444,96,3,5,6,0
666,1,31,101414,64,9,8,1,1
379,0,86,180288,77,0,2,2,0
1273,0,2,138529,87,5,0,4,0
306,0,65,180243,26,8,6,2,0
903,0,78,102904,28,0,7,6,1
762,0,0,106816,49,0,7,5,1
599,1,22,64707,29,3,7,3,1
1880,0,27,173091,24,3,6,2,0
872,0,62,151836,13,0,0,6,0
546,0,87,107359,26,9,10,6,1
122,0,34,50000,40,4,1,4,1
1361,0,8,57605,81,1,0,2,1
1937,0,14,68009,17,0,9,3,1
759,1,14,129396,36,0,6,6,0
1645,1,1,52727,60,0,1,3,1
1540,0,92,166163,87,2,8,5,0
211,0,-4,57000,93,2,1,2,1
1053,0,46,109346,37,3,1,2,1
1567,0,73,68161,23,1,1,2,1
1247,0,46,177513,81,7,1,5,0
1927,1,3,74607,69,5,6,1,1
24,1,34,71000,73,0,5,2,1
409,1,21,187761,87,5,2,3,0
100,1,20,80000,49,2,3,3,1
1212,0,93,151468,41,0,1,5,0
1433,0,25,136146,98,0,6,6,0
316,1,72,93921,93,7,9,2,1
1174,0,32,66089,75,0,6,3,1
1236,0,64,135742,67,5,1,7,0
1160,1,63,163783,84,5,3,1,0
733,0,7,158596,86,0,1,2,0
1973,1,95,104249,12,2,5,2,1
1641,0,44,124194,32,1,1,7,0
752,1,87,167705,31,5,0,7,0
1116,0,25,126306,44,0,0,1,0
157,1,37,16000,1,4,1,1,1
562,0,18,169496,12,7,11,6,0
121,1,27,36000,56,4,0,3,1
1455,0,7,135773,42,0,9,5,0
512,0,48,174109,96,3,0,1,0
1518,1,40,156411,70,0,6,5,0
1505,0,81,117203,83,5,10,3,0
17,0,31,29000,35,6,9,5,1
1441,1,54,85908,99,0,5,4,1
847,1,1,164248,51,3,9,3,0
1603,1,1,114556,64,3,0,7,0
1779,0,62,77259,11,7,6,6,1
1804,0,18,62151,18,0,8,2,1
677,0,57,87553,94,0,1,1,1
241,1,92,83000,16,4,1,5,1
1024,1,55,99423,82,5,0,5,1
217,1,78,20000,40,1,6,2,1
1512,0,1,100429,19,3,9,1,1
814,1,43,81718,36,3,1,3,1
1226,1,18,126543,45,6,0,3,0
1800,1,75,82315,53,2,6,1,1
1764,0,3,140648,36,4,9,7,0
883,0,34,59284,38,1,7,7,1
487,0,60,77857,81,0,1,6,1
1362,0,55,86365,70,2,1,7,1
1874,0,44,173682,89,0,12,6,0
462,0,98,135800,29,5,0,7,0
438,1,76,136259,14,9,0,7,0
355,0,13,146858,75,1,9,1,0
1018,0,85,134282,39,0,2,5,0
1664,0,10,84781,14,4,1,3,1
1742,0,92,152429,76,3,0,2,0
331,1,21,165846,33,2,0,4,0
404,1,11,178989,46,1,14,3,0
1221,1,68,170957,6,7,1,3,0
52,1,33,97000,60,0,1,2,1
723,0,9,83220,21,2,7,4,1
1721,0,41,155881,22,7,0,7,0
74,0,60,10000,56,5,8,4,1
1689,0,36,62617,10,0,9,3,1
586,1,50,53509,98,0,5,4,1
439,1,37,153399,93,3,1,6,0
1475,0,94,183643,51,0,5,5,0
761,0,29,51700,17,5,4,6,1
803,0,62,133822,78,8,0,4,0
466,0,76,156330,31,2,1,2,0
1085,0,37,52884,24,7,1,1,1
1065,1,23,122712,21,8,1,1,0
1911,1,35,184408,38,3,6,7,0
158,0,30,87000,78,0,3,4,1
4,0,18,59000,77,7,0,2,1
1654,0,52,133214,1,8,9,7,0
53,0,31,74000,54,0,1,1,1
1345,1,73,93786,44,3,3,1,1
221,0,39,84000,33,0,5,3,1
565,0,51,141416,100,5,15,1,0
27,0,45,68000,32,5,9,8,1
1584,0,0,120899,7,8,2,6,0
15,1,35,19000,13,1,0,1,1
215,1,48,95000,68,1,2,4,1
58,1,69,8000,46,1,8,2,1
938,0,99,56851,72,3,6,3,1
552,0,81,89211,12,1,1,7,1
1027,1,95,57032,75,3,1,5,1
587,0,12,168269,75,4,10,2,0
326,1,16,133551,7,0,3,1,0
1271,1,26,65641,50,3,4,5,1
1976,0,37,128960,43,4,9,4,0
1671,1,92,188984,69,7,1,4,0
830,1,67,67372,75,0,0,7,1
1117,1,13,100647,49,4,1,3,1
753,0,50,183548,85,3,1,4,0
1703,0,71,85401,10,3,4,6,1
1238,0,73,157307,23,4,4,3,0
477,1,29,104824,42,0,0,7,1
45,0,49,72000,28,2,8,1,1
1988,1,58,59244,80,0,7,1,1
1554,1,10,116521,47,1,0,2,0
502,1,68,72352,61,5,8,5,1
399,1,58,130950,28,4,5,3,0
977,0,56,103838,17,0,1,2,1
528,1,95,112783,21,0,9,6,0
1193,1,84,172523,83,0,6,2,0
811,0,89,157759,52,0,1,6,0
1000,1,97,66312,75,3,0,1,1
569,0,2,101451,82,5,4,3,1
793,1,69,152069,42,3,4,4,0
1809,1,92,171794,65,0,6,5,0
32,0,19,34000,73,1,1,2,1
367,0,60,130898,30,0,1,1,0
458,0,21,153885,86,0,6,6,0
257,1,12,38000,18,4,10,1,1
187,0,54,14000,24,7,1,2,1
271,1,91,91000,36,3,0,4,1
1477,1,20,84008,77,0,8,4,1
577,1,15,142776,98,2,8,5,0
340,0,72,68292,55,0,8,2,1
141,0,54,32000,5,2,0,2,1
283,0,49,43000,58,0,1,3,1
1737,1,57,120838,79,0,1,4,0
1765,0,63,176783,40,1,9,4,0
305,0,91,117319,21,7,1,2,0
894,0,85,152303,68,0,1,5,0
292,0,10,68000,80,1,6,3,1
730,1,36,173807,42,0,0,2,0
1614,1,24,64738,67,0,0,6,1
135,1,20,89000,5,2,1,2,1
1511,1,38,174594,56,4,8,2,0
1222,1,66,81197,76,0,0,4,1
681,1,17,96154,100,0,1,4,1
1474,0,76,178866,97,0,8,4,0
264,0,64,13000,38,2,3,4,1
429,1,87,89251,4,3,1,1,1
1350,1,33,170959,75,0,0,4,0
242,0,66,79000,17,0,0,3,1
765,1,12,101388,90,0,0,2,1
57,0,51,71000,50,5,9,4,1
785,0,29,115184,93,6,1,4,0
683,1,42,59954,37,4,4,4,1
1294,0,47,187898,89,0,6,2,0
186,1,26,72000,97,0,6,2,1
1310,1,79,146130,20,3,6,6,0
1401,0,55,82478,95,4,10,1,1
545,0,33,88763,1,3,1,1,1
1861,1,32,104494,28,5,6,4,1
709,1,50,66308,8,4,0,4,1
1932,1,85,158280,92,4,6,7,0
1729,1,58,78669,75,0,1,7,1
346,0,77,126599,84,7,0,3,0
839,1,44,70787,68,1,1,3,1
171,1,40,69000,13,0,3,5,1
25,0,58,67000,14,4,1,3,1
1847,0,68,60209,46,0,1,3,1
1585,0,28,101948,31,0,0,5,1
1551,0,16,95365,60,0,0,5,1
1589,0,48,186445,41,2,0,1,0
764,0,86,144148,71,1,1,4,0
189,0,41,76000,17,2,8,2,1
13,0,58,80000,15,4,0,5,1
1839,0,57,108509,36,1,0,2,1
323,0,89,110667,100,5,2,4,0
986,1,36,55109,53,0,8,3,1
1630,1,96,162762,52,5,1,1,0
433,0,23,50076,32,0,3,5,1
1092,0,41,94316,86,0,0,6,1
895,0,34,144582,89,1,1,1,0
837,1,61,85351,57,5,0,2,1
892,0,59,135705,48,2,8,7,0
239,1,57,37000,74,7,1,4,1
1124,0,81,92591,99,0,8,2,1
1685,0,88,113460,54,7,1,7,0
1806,0,5,126263,55,8,6,3,0
1316,0,94,114510,39,5,0,4,0
958,1,16,187343,14,5,6,3,0
1097,0,47,129019,57,5,0,3,0
1946,1,29,133587,74,8,5,3,0
1033,0,47,83043,76,4,0,1,1
1019,0,25,106669,22,7,1,7,1
239,1,55,37000,74,7,1,4,1
175,0,52,20000,13,7,0,2,1
241,1,90,83000,16,4,1,5,1
568,0,95,172896,13,2,0,3,0
819,0,65,56647,12,1,6,4,1
991,0,92,114571,51,4,1,3,0
1917,0,78,112887,80,3,9,6,0
1114,1,97,147301,93,7,1,5,0
1379,1,97,117777,67,0,5,5,0
1427,0,12,63334,99,0,0,6,1
411,1,83,102647,83,3,0,2,1
1139,1,62,144242,49,3,1,4,0
818,0,91,154456,71,9,0,7,0
963,0,65,120955,79,0,6,1,0
1733,0,21,161663,36,4,1,7,0
349,0,26,151085,39,8,2,5,0
1451,1,72,146432,25,0,6,1,0
228,1,76,89000,86,5,9,4,1
701,0,45,172882,27,5,8,7,0
1581,1,55,148875,99,0,0,4,0
1162,0,20,155951,21,5,7,4,0
352,1,99,173394,4,2,13,1,0
1394,0,47,121267,58,2,1,1,0
1264,0,70,174114,31,7,1,1,0
1238,0,70,157307,23,4,4,3,0
1201,1,1,79800,47,0,0,1,1
179,1,56,86000,14,5,4,3,1
467,1,3,186002,80,1,15,2,0
11,1,62,7000,14,2,1,3,1
1378,1,36,163845,84,1,5,7,0
70,0,32,97000,47,6,2,2,1
1598,0,37,72415,52,8,0,5,1
46,0,24,3000,65,7,4,2,1
1069,0,84,152475,12,0,0,7,0
1494,0,28,111942,7,0,5,5,0
184,0,29,66000,88,0,4,4,1
251,1,83,20000,93,2,1,3,1
1414,1,43,129782,31,3,1,2,0
1587,0,13,167619,4,5,7,6,0
1271,1,23,65641,50,3,4,5,1
1415,1,93,121513,90,2,0,6,0
140,0,35,15000,72,0,4,4,1
1354,0,86,172369,80,0,6,6,0
1212,0,91,151468,41,0,1,5,0
310,0,17,156488,65,2,1,4,0
267,0,40,28000,68,0,1,1,1
1151,1,67,147278,51,7,0,4,0
169,0,34,57000,27,0,0,3,1
1208,0,25,146028,33,5,0,5,0
64,0,54,48000,59,7,1,2,1
572,0,51,112247,24,4,4,5,0
1992,0,97,129444,96,3,5,6,0
1579,0,83,150682,25,0,1,1,0
683,1,42,59954,37,4,4,4,1
145,1,25,71000,12,2,0,5,1
1457,1,24,80783,82,0,9,3,1
1402,1,96,139685,20,5,1,4,0
1993,1,95,181183,24,8,9,3,0
1406,0,1,90341,92,1,0,2,1
1667,1,91,137206,4,0,0,4,0
580,1,84,135268,53,7,4,5,0
777,1,19,85975,73,3,0,6,1
172,1,27,4000,75,4,0,2,1
1025,0,22,146221,25,8,0,3,0
1965,1,61,182176,96,0,9,5,0
970,0,98,109061,41,2,6,1,1
282,0,38,85000,63,8,1,2,1
252,0,27,44000,65,1,8,1,1
1615,0,10,92734,28,7,1,4,1
865,0,79,167411,9,8,12,5,0
810,0,72,75884,57,4,0,7,1
1599,1,80,112146,24,3,0,3,0
593,1,77,178416,16,4,10,7,0
1493,1,18,85339,6,1,4,7,1
1299,1,34,76979,46,7,1,3,1
1871,1,69,110195,47,6,9,2,0
280,1,68,48000,73,5,3,3,1
1462,0,75,77269,24,0,8,1,1
1423,1,73,154837,42,4,8,4,0
1284,0,38,97721,48,2,0,7,1
1573,0,96,102788,51,0,0,1,1
359,0,72,67353,19,7,9,3,1
1928,1,76,151985,29,5,4,7,0
300,1,32,32000,86,3,5,2,1
1076,0,95,67398,81,3,2,5,1
1030,1,38,101846,17,1,3,2,1
535,0,87,77709,73,0,0,1,1
1318,0,14,149031,96,0,10,5,0
1253,0,5,186682,86,3,1,1,0
1771,1,66,183339,39,0,7,4,0
919,1,89,89667,69,0,0,2,1
416,0,87,110870,78,2,1,4,0
840,0,90,75473,63,5,0,7,1
628,1,39,92227,8,7,0,5,1
1805,0,72,135159,12,2,7,6,0
1043,0,46,171921,50,0,1,6,0
1498,1,33,157358,52,5,7,4,0
1399,1,16,84003,68,0,9,6,1
309,1,26,112766,83,2,8,4,0
1533,1,18,107794,17,2,0,5,1
488,1,68,125024,25,0,0,1,0
1285,0,82,142013,81,3,3,4,0
619,1,36,103356,20,8,1,6,1
1074,1,47,162332,72,3,1,5,0
1300,1,79,50798,56,0,10,5,1
1053,0,44,109346,37,3,1,2,1
1518,1,41,156411,70,0,6,5,0
762,0,4,106816,49,0,7,5,1
772,1,59,104600,57,3,6,3,1
1111,0,69,143928,30,2,9,7,0
1877,0,69,168710,80,1,1,4,0
54,1,61,68000,60,3,0,2,1
59,0,27,57000,51,0,1,3,1
77,0,45,67000,53,1,0,2,1
369,1,72,106681,15,5,9,5,1
430,1,26,179911,24,2,1,1,0
1201,1,3,79800,47,0,0,1,1
734,0,41,118122,52,3,0,6,0
1830,0,23,113767,88,0,6,2,0
320,0,27,68272,56,5,8,4,1
385,0,81,143560,83,0,1,3,0
731,1,64,185794,69,3,7,1,0
1840,0,68,85540,49,6,9,1,1
665,1,22,79526,6,8,9,7,1
125,0,23,12000,29,3,9,2,1
1473,0,62,127833,2,0,7,7,0
1732,1,20,103195,68,1,0,7,1
257,1,15,38000,18,4,10,1,1
314,0,8,64277,9,4,9,4,1
430,1,28,179911,24,2,1,1,0
1974,1,40,168821,36,4,4,5,0
1954,0,44,184844,24,3,6,1,0
817,1,85,150765,42,6,8,2,0
717,0,35,53802,32,0,1,7,1
1056,0,48,181270,56,0,1,1,0
1692,0,57,163473,52,0,0,1,0
388,0,25,67447,5,0,15,2,1
31,1,60,39000,4,0,0,3,1
1176,1,61,52543,23,4,0,6,1
204,0,76,60000,39,5,4,2,1
1026,0,33,84238,31,0,1,2,1
1858,1,63,55011,53,0,1,7,1
1758,1,-4,108169,24,4,10,3,1
894,0,85,152303,68,0,1,5,0
679,0,76,180831,33,5,1,2,0
667,0,92,109519,72,3,1,4,1
479,1,39,187536,66,5,3,6,0
1685,0,90,113460,54,7,1,7,0
1351,1,68,135076,60,2,1,5,0
444,0,0,68761,16,7,1,4,1
771,1,79,54252,29,2,0,5,1
1339,1,16,79257,82,5,6,2,1
193,1,33,96000,8,4,9,2,1
970,0,100,109061,41,2,6,1,1
1129,1,62,150619,32,0,10,6,0
7,0,35,31000,6,5,1,3,1
440,0,6,162858,91,0,0,1,0
290,0,93,19000,58,2,1,3,1
1107,0,82,171100,34,4,0,5,0
1694,0,54,69388,33,2,3,4,1
1417,1,20,112089,74,5,7,7,0
1941,0,51,63454,38,0,5,5,1
1922,0,95,126791,34,0,6,4,0
478,1,84,188719,30,7,0,6,0
368,0,92,103130,74,4,12,3,1
1736,0,92,136531,76,2,1,4,0
685,0,52,145679,35,0,0,2,0
1883,1,67,51468,48,0,0,3,1
195,0,47,8000,16,0,7,2,1
451,1,11,88452,40,5,8,6,1
1594,0,80,104820,96,0,2,4,1
1106,0,65,90414,55,0,1,5,1
30,0,23,20000,87,0,5,4,1
786,1,30,54251,7,0,2,6,1
1998,1,91,90961,14,5,9,2,1
623,0,53,91180,61,3,1,7,1
908,0,-1,161212,14,0,9,6,0
1388,1,43,118554,1,7,4,6,0
1787,0,13,140107,63,8,6,6,0
882,0,85,82854,75,0,6,4,1
1700,1,5,170226,31,7,0,3,0
370,0,31,87353,25,3,1,5,1
737,0,37,189630,53,4,5,5,0
1595,0,25,69025,79,3,0,2,1
223,1,43,33000,55,0,4,3,1
1996,0,71,184387,40,0,8,7,0
1718,0,94,131521,62,0,0,6,0
574,0,64,59088,31,0,1,3,1
1329,1,46,168898,41,0,9,7,0
1378,1,34,163845,84,1,5,7,0
1538,0,90,70030,86,5,1,2,1
1259,0,25,163966,48,7,1,5,0
755,0,12,63557,3,8,1,1,1
1346,1,36,75178,41,3,1,7,1
81,1,57,52000,51,5,0,4,1
258,1,79,73000,96,6,6,7,1
296,0,66,69000,43,4,9,3,1
93,1,44,88000,49,0,1,2,1
1035,1,97,73867,65,5,4,5,1
1546,0,93,93964,80,0,4,2,1
1841,0,43,73915,47,0,11,2,1
1741,1,7,129215,69,3,9,6,0
376,1,26,159296,83,0,8,1,0
655,0,3,158549,98,4,0,3,0
777,1,21,85975,73,3,0,6,1
856,1,79,142801,23,7,0,1,0
326,1,11,133551,7,0,3,1,0
1183,0,70,108159,18,3,8,7,1
1568,0,37,181108,32,6,1,1,0
1571,1,98,139417,13,0,1,3,0
813,1,59,187253,51,4,8,7,0
531,0,46,104834,44,0,0,7,1
656,1,31,134263,94,8,1,3,0
1910,1,59,149067,78,1,9,7,0
1746,0,66,127410,37,2,8,2,0
416,0,84,110870,78,2,1,4,0
214,1,49,50000,82,7,8,1,1
412,0,96,113585,31,7,0,4,0
979,0,66,151184,19,0,1,4,0
1172,0,80,90142,50,7,1,2,1
1432,1,89,127479,18,1,10,2,0
1075,0,93,166018,71,1,0,3,0
1023,0,45,55472,51,5,1,3,1
1227,0,84,177260,45,3,14,2,0
721,1,36,85737,37,4,0,3,1
153,0,44,17000,20,2,0,2,1
949,0,65,114244,64,0,0,1,0
358,1,15,184324,51,8,13,5,0
1831,1,5,160469,61,7,8,1,0
103,1,67,98000,59,0,0,3,1
1456,1,49,136417,45,5,9,6,0
732,1,8,119780,71,5,1,3,0
240,0,14,50000,11,0,1,2,1
1352,1,83,167112,34,7,0,1,0
974,0,14,87365,3,8,1,2,1
1728,1,62,185257,58,0,1,4,0
94,0,37,31000,40,3,1,2,1
841,1,78,90082,49,5,1,6,1
858,1,21,155151,16,8,14,3,0
1158,1,55,65257,93,1,2,3,1
863,0,12,170319,46,0,8,7,0
520,0,54,140107,38,5,1,5,0
848,0,84,109188,38,7,5,7,1
726,0,17,59844,79,1,0,1,1
1793,1,11,124785,28,7,7,2,0
756,0,98,87878,55,0,1,6,1
333,1,84,137641,67,5,0,5,0
745,1,16,125836,69,5,1,4,0
1289,0,96,51866,81,0,12,7,1
644,0,70,160945,51,5,0,5,0
275,0,34,18000,57,0,1,2,1
1632,1,48,57248,66,7,5,5,1
1803,0,88,114858,53,0,10,1,0
1780,1,41,170019,38,0,7,2,0
1129,1,57,150619,32,0,10,6,0
84,0,45,34000,44,3,8,4,1
703,1,40,113998,26,5,7,7,0
1963,1,70,124359,51,6,7,7,0
908,0,1,161212,14,0,9,6,0
284,0,67,74000,20,0,1,2,1
1164,0,83,124104,20,5,4,6,0
184,0,24,66000,88,0,4,4,1
1723,1,44,182748,58,2,1,7,0
212,0,-5,22000,92,0,2,1,1
68,0,72,82000,48,0,8,4,1
555,0,16,172051,62,5,1,3,0
1026,0,36,84238,31,0,1,2,1
1610,1,75,118096,36,7,0,3,0
832,1,38,166697,39,8,13,4,0
1432,1,92,127479,18,1,10,2,0
1202,1,92,100155,5,5,6,1,1
91,0,71,46000,55,3,0,3,1
1755,0,6,122961,47,1,8,2,0
812,0,37,184813,44,4,0,2,0
889,0,63,78971,89,2,1,2,1
464,0,18,91358,11,3,1,4,1
989,0,22,154787,84,4,3,5,0
1660,0,4,183282,34,0,1,1,0
510,0,18,167060,47,0,1,5,0
1234,1,21,184088,21,3,11,7,0
1874,0,44,173682,89,0,12,6,0
1449,0,41,181355,73,0,10,3,0
874,0,32,94029,98,5,1,4,1
1966,0,46,114435,34,0,8,3,0
694,0,80,171323,78,7,10,4,0
1058,0,72,112146,21,6,8,4,0
1799,1,72,82377,37,2,9,2,1
1028,1,93,88811,52,2,0,4,1
1537,0,39,70280,99,2,0,4,1
1433,0,28,136146,98,0,6,6,0
1703,0,69,85401,10,3,4,6,1
336,0,32,112246,30,5,8,3,0
347,0,58,57180,22,5,9,1,1
924,1,30,106314,16,0,0,7,1
1260,1,45,52152,17,0,0,3,1
1188,0,55,71322,54,3,1,6,1
843,0,5,168110,69,1,14,6,0
1279,0,61,170647,70,5,1,7,0
1777,1,81,117920,4,1,10,4,0
728,1,54,172841,4,2,0,1,0
828,1,6,119362,58,2,8,1,0
1421,0,85,149969,78,4,0,6,0
1925,0,94,69654,30,6,4,4,1
179,1,59,86000,14,5,4,3,1
277,1,19,9000,88,4,7,4,1
1186,1,65,54431,93,5,1,7,1
813,1,59,187253,51,4,8,7,0
1878,1,16,150193,83,2,2,2,0
1337,0,14,94655,9,5,8,1,1
1159,0,-1,188557,4,5,9,2,0
1108,1,34,187305,85,2,6,7,0
1558,1,25,100964,96,8,1,6,1
802,1,83,148208,36,9,5,7,0
177,1,55,29000,15,2,11,1,1
1813,0,68,91609,43,3,8,1,1
174,1,36,99000,92,0,5,2,1
355,0,13,146858,75,1,9,1,0
1058,0,69,112146,21,6,8,4,0
332,0,4,93713,62,2,3,4,1
1362,0,52,86365,70,2,1,7,1
431,1,1,111558,85,5,7,4,0
1653,0,22,81640,95,3,1,6,1
10,0,30,98000,72,0,1,4,1
1105,0,96,64713,84,3,2,7,1
563,0,0,142892,25,3,8,1,0
480,1,7,134008,85,3,2,1,0
1279,0,58,170647,70,5,1,7,0
604,0,88,69720,78,7,17,6,1
747,1,5,168670,37,0,1,3,0
1770,0,87,170333,96,3,4,2,0
1555,0,7,136316,88,4,0,3,0
338,0,71,76529,62,5,0,2,1
1752,0,10,60175,60,4,9,7,1
1941,0,52,63454,38,0,5,5,1
1796,0,70,57596,96,0,4,1,1
325,0,91,102861,40,0,4,1,1
1269,1,7,66686,50,0,8,7,1
469,0,47,143906,12,0,4,3,0
562,0,17,169496,12,7,11,6,0
631,1,59,113605,42,0,3,3,0
351,0,91,67850,91,0,9,4,1
79,0,21,97000,52,2,2,2,1
1785,0,1,89473,85,7,10,4,1
971,1,26,188620,30,0,3,6,0
347,0,53,57180,22,5,9,1,1
62,1,19,50000,55,0,9,2,1
804,0,47,175424,32,0,4,5,0
1898,0,30,84885,9,3,6,5,1
877,1,69,102016,37,0,0,4,1
255,0,46,27000,32,2,4,4,1
1782,0,79,106709,93,8,10,2,1
1095,0,34,176554,62,5,1,2,0
1062,0,82,99983,88,4,0,1,1
916,1,91,62808,20,2,0,4,1
1042,1,43,187841,38,0,1,4,0
567,0,15,180331,14,0,17,5,0
68,0,68,82000,48,0,8,4,1
1872,0,63,81199,80,3,1,2,1
789,0,18,84793,23,6,9,6,1
222,0,95,72000,51,2,4,2,1
1963,1,70,124359,51,6,7,7,0
409,1,22,187761,87,5,2,3,0
878,1,13,77902,67,0,1,2,1
1174,0,30,66089,75,0,6,3,1
89,0,34,76000,60,3,7,3,1
1808,0,31,181773,40,5,8,1,0
1676,0,51,135164,75,0,9,3,0
829,1,25,81545,36,0,4,7,1
1489,0,97,94629,17,8,6,3,1
1033,0,49,83043,76,4,0,1,1
1722,0,92,168303,16,4,9,4,0
1807,0,79,123064,41,0,10,4,0
437,0,24,78223,41,7,0,1,1
1580,0,93,124550,46,8,0,3,0
1601,0,27,51661,79,3,0,7,1
1190,0,21,141428,32,3,1,5,0
1403,0,88,182374,62,3,0,6,0
348,0,100,184426,41,0,9,1,0
1442,0,11,75831,5,5,10,7,1
1570,0,41,102543,54,0,7,3,1
1514,0,86,98344,25,0,6,6,1
649,0,68,178627,94,5,1,2,0
1275,1,20,157757,84,1,0,4,0
1737,1,62,120838,79,0,1,4,0
1403,0,84,182374,62,3,0,6,0
284,0,63,74000,20,0,1,2,1
713,0,69,153217,83,5,1,6,0
275,0,37,18000,57,0,1,2,1
273,0,95,1000,76,3,0,3,1
622,1,77,73884,30,5,1,2,1
1923,0,97,75125,89,4,8,3,1
866,1,90,58289,49,0,5,6,1
1944,0,50,170638,64,0,4,5,0
1643,0,78,91213,84,7,3,5,1
484,0,30,62330,60,5,1,1,1
1995,0,18,54121,89,2,6,3,1
424,1,33,112587,71,0,1,4,0
992,1,29,130697,93,0,1,2,0
1222,1,70,81197,76,0,0,4,1
507,0,3,64824,30,4,1,1,1
1861,1,35,104494,28,5,6,4,1
1564,0,56,138864,93,0,0,5,0
1124,0,85,92591,99,0,8,2,1
513,1,23,62186,29,8,0,1,1
501,0,38,96794,96,5,6,3,1
1109,0,30,139758,46,7,0,6,0
1282,1,36,50526,19,0,0,6,1
550,0,35,99300,88,6,5,2,1
558,1,40,185321,96,0,0,7,0
1602,0,71,152910,90,0,1,6,0
603,0,71,154007,32,0,7,7,0
443,0,95,66322,88,0,0,3,1
1780,1,38,170019,38,0,7,2,0
219,0,66,71000,34,4,9,2,1
108,1,56,78000,46,7,1,1,1
898,1,18,62362,81,7,7,3,1
737,0,33,189630,53,4,5,5,0
1324,1,24,82474,31,0,9,3,1
481,0,13,176397,71,0,6,3,0
1817,0,30,165254,7,4,9,7,0
60,1,55,89000,46,7,1,6,1
1905,1,94,112426,54,2,9,6,0
1383,1,75,173466,57,3,10,5,0
1667,1,95,137206,4,0,0,4,0
1959,1,74,142502,97,1,5,1,0
830,1,66,67372,75,0,0,7,1
1131,0,33,109895,56,5,5,2,1
1342,1,35,76103,62,4,9,3,1
482,0,35,154888,43,5,9,6,0
1205,0,54,117181,66,1,12,5,0
1160,1,64,163783,84,5,3,1,0
291,1,12,27000,62,3,7,1,1
1534,1,39,152566,11,3,1,7,0
806,0,30,189369,69,5,0,3,0
707,0,89,121597,7,2,0,5,0
1875,1,18,162983,16,3,0,6,0
1276,1,15,166361,59,2,6,4,0
579,0,37,146195,89,5,4,4,0
280,1,63,48000,73,5,3,3,1
1419,0,60,146794,90,5,8,3,0
1363,1,3,93883,39,5,1,2,1
1,1,19,15000,39,5,1,4,1
1427,0,16,63334,99,0,0,6,1
1729,1,57,78669,75,0,1,7,1
1846,0,17,113217,41,7,9,1,0
965,1,89,130431,52,5,6,3,0
1254,1,56,105302,75,1,0,3,1
1012,0,80,125623,62,4,0,4,0
248,0,32,7000,16,0,1,2,1
1426,0,50,136660,48,3,1,3,0
112,0,20,25000,54,0,0,1,1
1977,1,61,127438,82,2,7,2,0
1408,1,55,137428,87,0,0,2,0
1794,0,19,101474,14,6,10,2,1
1510,0,84,136254,90,2,5,6,0
1516,1,18,116204,16,2,8,2,0
651,0,36,166007,40,1,1,4,0
1968,0,84,115580,73,3,8,5,0
47,0,50,52000,55,0,0,4,1
1559,0,98,128037,39,3,6,2,0
1801,1,75,93253,51,0,4,5,1
176,0,30,28000,86,0,3,4,1
279,0,74,78000,12,2,9,3,1
1136,0,57,73845,52,0,1,7,1
1553,0,37,100621,3,5,1,1,1
485,0,73,112838,34,5,1,7,0
431,1,3,111558,85,5,7,4,0
530,1,48,115832,92,0,2,2,0
1520,0,58,106691,79,5,9,3,1
692,1,89,113834,22,1,0,3,0
1962,0,49,106530,46,2,7,2,1
417,0,86,187667,12,0,0,1,0
890,0,79,65528,73,8,1,5,1
218,0,83,35000,99,1,8,2,1
489,0,56,136242,34,0,9,1,0
1972,1,45,140263,88,3,10,5,0
1406,0,-1,90341,92,1,0,2,1
1112,0,29,92366,14,5,0,6,1
904,0,15,174501,37,9,9,7,0
926,1,13,149618,78,5,4,6,0
913,0,29,180401,23,2,7,6,0
1470,0,74,128642,19,8,5,6,0
728,1,52,172841,4,2,0,1,0
1756,1,81,141471,45,0,8,6,0
1080,1,91,94846,95,2,0,5,1
826,0,67,93176,25,0,4,1,1
156,0,30,10000,89,8,8,4,1
450,1,7,176349,80,5,8,2,0
1396,0,34,105448,40,0,0,5,1
377,0,30,144043,78,1,1,1,0
1143,0,56,143021,3,4,5,4,0
1753,0,22,153024,91,0,10,7,0
1967,1,68,134213,32,6,8,4,0
434,0,25,77779,62,0,4,1,1
953,0,32,130118,36,0,0,4,0
372,0,72,98168,49,3,1,2,1
1278,1,23,161156,88,2,0,4,0
397,0,88,70419,69,6,6,4,1
1422,0,20,124852,39,5,5,5,0
701,0,41,172882,27,5,8,7,0
868,0,80,146118,52,8,8,7,0
645,0,85,119557,35,0,0,2,0
1458,1,28,182580,60,4,6,6,0
666,1,28,101414,64,9,8,1,1
1504,0,85,97822,38,1,5,3,1
1428,1,37,62893,29,4,1,5,1
1633,0,66,99902,54,2,10,2,1
421,1,84,122430,19,5,1,1,0
1481,0,97,170133,42,2,5,5,0
1165,0,21,136747,3,5,1,1,0
795,0,0,147719,86,7,1,7,0
1592,1,86,82992,5,3,1,5,1
247,1,23,0,96,1,1,3,1
1816,1,31,149609,44,4,9,2,0
735,1,38,99964,11,5,7,4,1
506,0,20,111896,90,4,1,3,0
441,0,4,57373,29,9,0,7,1
1190,0,20,141428,32,3,1,5,0
1373,1,83,108759,60,0,7,6,1
1444,0,29,161211,10,7,9,1,0
1615,0,10,92734,28,7,1,4,1
533,0,11,162287,45,2,3,2,0
933,1,51,162072,86,2,1,1,0
109,1,68,13000,43,5,6,5,1
1868,0,52,125508,15,0,1,6,0
950,0,64,157207,52,5,0,4,0
414,1,78,59099,44,8,1,7,1
949,0,63,114244,64,0,0,1,0
1206,0,55,86898,76,5,0,6,1
224,0,91,93000,37,5,1,5,1
975,1,81,95929,23,2,0,2,1
1958,0,41,152560,32,3,9,2,0
544,0,6,170266,23,0,3,2,0
1766,1,75,59741,67,0,10,5,1
495,0,31,135115,54,3,1,7,0
935,0,34,182162,6,0,1,3,0
260,1,26,26000,60,4,6,4,1
1515,1,21,163509,21,5,10,1,0
1779,0,63,77259,11,7,6,6,1
1863,0,17,150778,35,3,1,7,0
1296,1,68,87040,4,0,9,1,1
928,1,25,81367,87,9,0,3,1
613,0,74,101352,36,7,0,5,1
632,0,19,93854,82,5,0,7,1
1232,0,41,61355,13,5,1,3,1
220,0,59,76000,61,9,9,1,1
1130,1,51,100261,10,0,1,6,1
486,1,22,58283,59,6,2,4,1
317,0,54,132046,8,6,4,4,0
165,1,45,47000,26,1,0,2,1
1522,1,32,132297,53,3,8,1,0
993,1,34,115916,24,1,13,6,0
259,0,79,64000,64,0,2,3,1
1843,1,76,152602,91,3,0,1,0
387,0,20,151124,18,0,15,3,0
848,0,82,109188,38,7,5,7,1
574,0,67,59088,31,0,1,3,1
1234,1,23,184088,21,3,11,7,0
1613,0,15,177701,49,3,0,6,0
1102,1,65,67874,41,3,9,3,1
862,0,92,73642,50,8,0,3,1
1624,1,81,71543,1,3,1,4,1
1002,0,80,55712,5,0,5,6,1
210,0,80,39000,33,2,9,4,1
1621,1,13,100939,34,5,7,6,1
92,1,21,36000,41,0,1,4,1
1949,0,91,142602,64,7,7,6,0
911,1,21,69644,19,0,5,1,1
1719,0,95,50223,15,3,8,1,1
553,0,6,148607,59,6,1,7,0
985,0,43,164350,23,5,0,5,0
164,0,31,58000,93,5,1,5,1
597,0,15,58639,51,3,5,7,1
1951,1,42,68765,69,3,4,1,1
1765,0,59,176783,40,1,9,4,0
297,0,79,31000,91,2,3,3,1
1717,1,61,186673,51,1,1,1,0
508,1,36,88565,16,5,1,5,1
865,0,78,167411,9,8,12,5,0
8,0,23,84000,94,5,1,3,1
253,0,73,3000,14,0,5,4,1
1055,0,41,166644,66,0,8,6,0
30,0,27,20000,87,0,5,4,1
149,0,38,51000,22,5,7,4,1
87,0,52,11000,58,0,0,3,1
1118,0,96,168663,16,2,11,5,0
551,1,15,58127,65,8,0,3,1
1359,1,47,167517,27,0,2,7,0
178,1,27,45000,69,5,2,6,1
1854,1,101,125181,30,0,0,7,0
779,1,16,82333,35,8,1,2,1
791,0,84,153465,11,7,1,4,0
1335,1,42,94844,64,9,7,6,1
679,0,77,180831,33,5,1,2,0
1454,0,67,116095,8,0,5,1,0
1013,0,88,104054,22,0,8,4,1
1437,1,74,51260,43,3,5,5,1
97,0,47,2000,47,0,0,1,1
44,0,31,33000,61,0,1,2,1
1815,1,87,115699,61,5,9,1,0
1491,1,94,119189,57,0,9,3,0
1229,0,27,183201,52,2,8,6,0
760,0,46,62628,64,3,8,6,1
1627,1,3,74407,100,1,0,6,1
19,1,56,20000,29,3,1,4,1
750,1,76,127335,97,0,6,6,0
1067,1,43,73892,45,1,1,4,1
26,1,29,52000,82,0,1,3,1
303,0,26,145015,73,5,6,3,0
1611,1,87,149685,30,4,9,6,0
680,0,89,137397,33,1,1,7,0
1843,1,81,152602,91,3,0,1,0
645,0,88,119557,35,0,0,2,0
1223,0,21,104888,8,5,0,4,1
782,0,19,58217,70,0,0,1,1
1668,0,5,146950,92,1,6,5,0
1814,0,24,53002,73,7,5,5,1
339,0,2,123804,28,1,14,1,0
1357,1,96,67799,42,3,1,6,1
1616,0,53,146877,47,5,4,3,0
1128,1,11,148450,55,5,0,6,0
383,1,35,91503,26,0,0,6,1
148,0,31,38000,74,7,1,1,1
884,0,13,141580,92,5,0,4,0
383,1,34,91503,26,0,0,6,1
836,0,51,117620,60,5,7,6,0
1338,1,3,60933,30,1,8,1,1
753,0,48,183548,85,3,1,4,0
32,0,21,34000,73,1,1,2,1
182,0,29,61000,86,3,7,5,1
35,0,50,91000,14,7,1,2,1
1608,1,61,156422,39,3,1,7,0
611,1,94,90082,17,0,5,7,1
571,1,65,90084,65,0,1,6,1
344,0,90,149840,61,2,1,1,0
1886,1,68,129971,61,0,8,3,0
1651,1,82,150012,83,5,3,6,0
1039,1,39,99872,53,3,11,3,1
497,0,82,93351,65,1,1,1,1
1048,0,78,64057,44,1,0,3,1
1629,1,42,88707,81,5,0,5,1
1072,1,23,146473,87,0,1,4,0
1812,0,35,145654,22,4,6,3,0
1487,0,58,184830,60,1,9,3,0
536,0,17,95053,17,3,1,2,1
966,1,59,161091,56,2,9,1,0
529,1,13,150258,17,1,0,3,0
177,1,58,29000,15,2,11,1,1
423,0,35,96484,34,0,5,4,1
1369,0,33,138644,94,2,4,3,0
1242,1,30,170669,78,1,9,5,0
20,0,37,62000,98,0,0,1,1
573,0,91,181775,61,0,4,5,0
1538,0,94,70030,86,5,1,2,1
289,0,21,5000,91,8,0,1,1
659,0,31,189446,38,0,1,6,0
922,1,51,189091,12,0,0,6,0
633,1,35,118280,92,0,0,5,0
1591,0,21,52326,69,5,0,2,1
1943,0,56,66728,50,5,10,5,1
100,1,16,80000,49,2,3,3,1
1392,0,35,111871,30,1,10,1,0
855,0,22,131748,23,0,1,3,0
1740,0,53,145498,66,0,8,4,0
1730,1,15,164520,47,0,1,7,0
1919,0,11,152765,17,5,8,1,0
1101,0,22,156258,54,3,0,4,0
371,1,52,88046,61,0,8,1,1
1293,1,20,70733,63,0,5,3,1
1713,1,28,76654,48,0,4,1,1
635,0,36,129257,70,4,6,3,0
1412,0,53,58006,83,4,1,5,1
70,0,28,97000,47,6,2,2,1
142,1,32,66000,93,0,0,5,1
1356,0,61,89972,92,0,10,6,1
492,0,54,144502,88,7,3,1,0
199,1,32,81000,18,4,1,2,1
1789,0,58,51416,46,9,7,5,1
527,0,60,180479,74,5,0,3,0
1925,0,96,69654,30,6,4,4,1
1457,1,27,80783,82,0,9,3,1
196,0,35,46000,79,4,1,3,1
875,0,30,157290,22,0,2,2,0
440,0,8,162858,91,0,0,1,0
1824,1,40,51860,4,7,4,5,1
841,1,76,90082,49,5,1,6,1
582,0,33,111191,67,0,9,4,0
1949,0,90,142602,64,7,7,6,0
906,0,66,118385,8,5,10,3,0
632,0,16,93854,82,5,0,7,1
577,1,19,142776,98,2,8,5,0
163,1,19,35000,5,4,0,5,1
74,0,62,10000,56,5,8,4,1
81,1,61,52000,51,5,0,4,1
1761,0,95,177134,78,5,10,2,0
662,1,53,148759,52,1,7,7,0
926,1,14,149618,78,5,4,6,0
1833,1,54,56215,34,5,10,4,1
548,0,25,156016,85,0,2,1,0
294,0,48,50000,36,2,6,4,1
1189,0,99,122548,14,9,2,5,0
2000,1,90,110610,52,3,5,2,0
98,0,25,67000,50,0,0,2,1
612,0,7,74928,12,0,0,6,1
195,0,44,8000,16,0,7,2,1
1662,0,31,164435,26,7,1,3,0
1508,0,76,139447,36,0,8,7,0
1870,0,37,169381,45,3,0,4,0
743,0,43,53832,56,3,4,1,1
638,0,26,113707,97,3,0,5,0
1536,0,62,99222,48,0,1,6,1
16,1,24,51000,79,5,1,2,1
1762,0,33,181703,54,7,6,2,0
1098,1,53,107879,3,1,1,6,1
1484,0,19,147052,86,9,9,4,0
49,0,29,78000,42,5,0,4,1
1352,1,88,167112,34,7,0,1,0
922,1,52,189091,12,0,0,6,0
1563,0,-5,94014,53,2,9,5,1
757,1,3,55634,53,2,8,3,1
125,0,18,12000,29,3,9,2,1
367,0,58,130898,30,0,1,1,0
1468,0,65,75685,19,8,7,3,1
1643,0,76,91213,84,7,3,5,1
1695,0,15,134748,76,8,1,6,0
1323,0,99,144176,74,8,7,2,0
1177,1,57,50429,23,0,0,1,1
1948,0,20,148776,21,0,8,5,0
1214,0,81,125316,81,7,0,6,0
1934,0,90,128153,42,0,7,6,0
534,0,65,171761,59,1,1,6,0
288,0,77,31000,47,5,1,2,1
782,0,18,58217,70,0,0,1,1
678,1,12,74174,79,3,1,2,1
1071,1,85,117679,18,3,1,3,0
1730,1,16,164520,47,0,1,7,0
831,0,32,109703,61,4,1,1,1
442,1,0,133602,47,0,1,1,0
1604,1,2,143455,62,5,1,6,0
1715,1,26,176147,19,5,0,1,0
1022,0,-3,150174,59,0,2,2,0
197,0,40,78000,28,0,0,2,1
1150,0,67,138087,63,8,1,7,0
1087,0,95,63261,13,2,1,7,1
229,1,-5,33000,64,8,1,1,1
964,0,97,168898,54,6,8,7,0
610,0,26,73759,83,1,0,7,1
1552,1,4,131093,79,7,1,7,0
555,0,17,172051,62,5,1,3,0
1289,0,98,51866,81,0,12,7,1
1862,1,23,184443,44,4,3,7,0
808,1,21,57535,84,3,1,7,1
1642,1,15,188696,87,6,8,3,0
868,0,82,146118,52,8,8,7,0
927,0,95,72068,97,5,0,6,1
1211,1,95,96424,74,0,8,5,1
998,0,31,171825,22,3,10,4,0
1021,1,38,119259,91,5,1,5,0
1830,0,20,113767,88,0,6,2,0
1133,0,84,133765,83,0,1,3,0
1341,0,23,127971,56,0,1,5,0
1675,0,10,132374,96,8,0,3,0
211,0,1,57000,93,2,1,2,1
1980,1,0,165321,93,1,8,1,0
60,1,53,89000,46,7,1,6,1
1671,1,95,188984,69,7,1,4,0
620,0,40,75195,79,0,1,3,1
1898,0,25,84885,9,3,6,5,1
1947,1,95,126225,47,2,7,4,0
766,0,56,171560,78,2,0,2,0
103,1,68,98000,59,0,0,3,1
1230,0,97,84925,46,0,4,6,1
1079,1,28,130267,45,2,8,4,0
660,1,52,106633,53,0,0,3,1
1743,0,15,89252,31,3,0,5,1
45,0,51,72000,28,2,8,1,1
67,0,46,3000,50,1,0,2,1
583,0,13,144111,62,3,12,5,0
124,1,34,6000,91,5,1,3,1
1529,0,2,181471,59,5,10,4,0
1617,0,43,62935,60,0,0,7,1
941,0,51,70152,29,5,0,2,1
1081,0,81,155396,1,2,9,5,0
188,1,28,44000,68,1,5,3,1
1106,0,69,90414,55,0,1,5,1
311,1,60,97562,15,4,5,6,1
677,0,56,87553,94,0,1,1,1
1095,0,33,176554,62,5,1,2,0
1820,0,69,184060,98,0,10,5,0
1601,0,24,51661,79,3,0,7,1
1857,0,80,70689,54,0,1,4,1
227,0,25,40000,77,0,5,4,1
1613,0,14,177701,49,3,0,6,0
536,0,22,95053,17,3,1,2,1
1849,0,76,61393,65,1,7,5,1
1216,1,97,135042,12,0,0,7,0
1127,0,78,56848,41,0,5,1,1
698,0,31,138612,71,4,9,2,0
1614,1,20,64738,67,0,0,6,1
375,1,85,140478,43,1,6,4,0
1778,1,34,134882,61,0,10,3,0
1625,0,22,174836,63,5,0,4,0
805,0,63,121528,92,5,8,4,0
1038,1,60,162612,98,2,1,6,0
209,0,48,15000,7,1,0,2,1
1847,0,71,60209,46,0,1,3,1
566,1,54,104854,67,5,1,7,1
314,0,13,64277,9,4,9,4,1
602,1,61,126370,20,9,11,4,0
234,0,78,3000,14,5,0,4,1
1261,1,53,145720,62,6,12,7,0
932,0,2,145597,81,0,1,6,0
1221,1,64,170957,6,7,1,3,0
1724,0,35,52374,73,0,1,1,1
112,0,19,25000,54,0,0,1,1
705,1,3,57265,89,3,7,7,1
1090,0,84,53622,27,0,0,3,1
743,0,38,53832,56,3,4,1,1
29,0,41,18000,31,0,0,1,1
1945,1,17,129635,100,0,6,4,0
1744,0,31,147447,23,1,6,7,0
473,1,97,104582,50,5,8,2,1
97,0,49,2000,47,0,0,1,1
1733,0,24,161663,36,4,1,7,0
1787,0,14,140107,63,8,6,6,0
1277,0,91,67227,30,0,1,7,1
1374,1,64,186203,73,0,10,5,0
1704,0,17,53812,32,6,9,5,1
362,1,99,63364,61,3,1,2,1
136,0,29,92000,88,4,5,5,1
1135,0,51,112358,27,0,0,6,0
1152,0,90,187339,62,5,0,6,0
469,0,42,143906,12,0,4,3,0
1054,0,72,111587,99,0,7,4,0
1317,0,35,109396,17,9,1,2,1
23,0,46,42000,5,0,13,2,1
1973,1,98,104249,12,2,5,2,1
953,0,36,130118,36,0,0,4,0
1653,0,25,81640,95,3,1,6,1
696,1,42,60982,3,5,0,5,1
421,1,89,122430,19,5,1,1,0
1950,1,34,102413,38,5,5,5,1
461,0,47,124072,56,7,0,7,0
1068,0,30,78821,46,9,1,4,1
88,0,22,55000,55,0,5,2,1
283,0,52,43000,58,0,1,3,1
999,1,22,77976,95,0,11,3,1
1314,1,4,96693,28,3,0,4,1
1408,1,56,137428,87,0,0,2,0
1795,0,11,141359,65,5,4,5,0
113,0,41,71000,42,1,1,5,1
860,1,94,144192,34,5,0,3,0
534,0,68,171761,59,1,1,6,0
1510,0,85,136254,90,2,5,6,0
1784,0,87,90228,68,2,7,5,1
1420,0,55,75033,30,2,5,5,1
1396,0,29,105448,40,0,0,5,1
1169,0,56,119567,19,0,5,2,0
801,0,59,140516,50,0,0,3,0
1372,1,1,111618,99,7,6,5,0
1939,1,78,132537,44,1,5,3,0
899,1,75,74350,39,7,10,1,1
1645,1,2,52727,60,0,1,3,1
1413,1,20,106941,73,0,1,1,1
1909,1,2,180324,41,0,9,2,0
298,1,61,87000,41,1,6,2,1
943,1,43,162595,17,0,3,3,0
252,0,24,44000,65,1,8,1,1
1905,1,93,112426,54,2,9,6,0
1652,1,37,133850,85,8,9,3,0
216,0,42,66000,70,5,3,3,1
247,1,27,0,96,1,1,3,1
122,0,38,50000,40,4,1,4,1
888,0,92,78308,66,4,5,2,1
835,0,5,147548,45,4,4,5,0
686,1,96,136265,49,0,12,5,0
959,0,76,111174,48,3,9,6,0
414,1,80,59099,44,8,1,7,1
790,0,25,66952,79,3,1,2,1
190,0,37,95000,85,0,4,2,1
1570,0,41,102543,54,0,7,3,1
1804,0,18,62151,18,0,8,2,1
1850,0,48,133252,55,0,1,1,0
1393,1,5,112884,43,5,0,6,0
139,1,23,22000,10,8,8,4,1
273,0,96,1000,76,3,0,3,1
592,0,71,102296,31,3,7,5,1
522,0,9,57272,60,2,1,1,1
523,1,20,119952,2,5,8,2,0
1237,0,39,145704,82,8,0,4,0
1913,0,92,174786,94,4,4,3,0
351,0,92,67850,91,0,9,4,1
1619,0,64,115754,35,2,1,3,0
1862,1,22,184443,44,4,3,7,0
1107,0,83,171100,34,4,0,5,0
1962,0,52,106530,46,2,7,2,1
652,1,74,91794,83,3,0,7,1
412,0,98,113585,31,7,0,4,0
1443,0,54,123045,56,2,7,3,0
1701,0,3,53306,98,2,0,2,1
1447,1,63,126380,90,0,6,1,0
1954,0,42,184844,24,3,6,1,0
1735,0,95,54754,4,0,0,2,1
329,0,36,92313,58,5,1,5,1
169,0,36,57000,27,0,0,3,1
1707,0,71,171118,91,2,9,3,0
963,0,63,120955,79,0,6,1,0
946,0,39,58908,37,0,6,6,1
463,1,93,120597,96,0,2,4,0
1428,1,38,62893,29,4,1,5,1
329,0,37,92313,58,5,1,5,1
1658,0,47,69024,3,5,4,5,1
259,0,78,64000,64,0,2,3,1
692,1,89,113834,22,1,0,3,0
304,0,38,148539,7,5,5,2,0
368,0,93,103130,74,4,12,3,1
1452,0,95,125731,41,0,6,4,0
1015,0,77,166245,13,4,7,3,0
834,0,7,146776,83,7,1,7,0
1126,0,23,156793,57,8,2,4,0
773,1,91,50250,54,0,0,2,1
1285,0,81,142013,81,3,3,4,0
537,1,84,74820,33,1,1,2,1
1579,0,80,150682,25,0,1,1,0
1139,1,57,144242,49,3,1,4,0
499,1,95,121725,3,9,12,3,0
1235,0,59,158372,98,0,1,1,0
1513,0,30,73107,48,0,9,1,1
436,0,7,106581,76,1,1,7,1
1252,1,14,161120,69,4,0,1,0
366,1,65,120627,72,5,0,2,0
1367,1,53,150925,1,5,1,2,0
277,1,16,9000,88,4,7,4,1
640,0,58,143180,58,0,0,5,0
1768,0,30,110309,21,0,6,2,0
1440,0,53,176954,57,0,5,6,0
408,1,18,103896,36,4,16,4,1
1469,0,49,85374,45,0,8,5,1
1364,0,44,131091,62,0,4,1,0
1678,1,-1,126060,92,1,1,3,0
845,0,38,176551,45,5,8,1,0
1911,1,32,184408,38,3,6,7,0
1312,0,39,144485,15,3,0,4,0
87,0,55,11000,58,0,0,3,1
1544,0,13,174530,30,7,1,6,0
46,0,27,3000,65,7,4,2,1
72,0,45,9000,42,3,8,2,1
365,1,41,62833,85,0,1,2,1
1850,0,52,133252,55,0,1,1,0
856,1,76,142801,23,7,0,1,0
1957,1,60,101698,87,0,9,3,1
79,0,23,97000,52,2,2,2,1
945,0,20,184801,8,7,1,1,0
200,1,30,33000,83,0,4,2,1
64,0,58,48000,59,7,1,2,1
1617,0,39,62935,60,0,0,7,1
802,1,81,148208,36,9,5,7,0
406,0,65,119889,11,0,17,6,0
391,0,10,136231,10,0,7,1,0
1984,0,52,55395,41,8,10,1,1
913,0,24,180401,23,2,7,6,0
232,1,84,7000,28,5,0,4,1
1407,0,67,118348,94,2,1,7,0
5,0,28,38000,40,3,2,6,1
1347,1,12,175267,81,5,1,4,0
651,0,40,166007,40,1,1,4,0
248,0,33,7000,16,0,1,2,1
427,1,33,71897,32,3,2,3,1
929,0,99,118575,10,3,1,3,0
1628,1,64,130055,46,5,2,1,0
1818,1,40,50418,49,5,5,1,1
1144,0,86,145679,91,7,9,6,0
1560,1,82,97081,75,8,1,3,1
192,0,32,98000,69,0,8,2,1
105,1,49,86000,56,5,10,2,1
952,1,56,51166,24,3,0,7,1
1670,1,98,97705,41,6,8,2,1
669,1,10,157278,58,0,0,6,0
1860,1,66,153660,24,5,0,5,0
475,0,14,59202,92,5,5,4,1
228,1,75,89000,86,5,9,4,1
1429,1,74,163514,89,1,9,2,0
1860,1,66,153660,24,5,0,5,0
1046,1,44,172378,39,3,5,6,0
408,1,13,103896,36,4,16,4,1
6,0,23,58000,76,0,0,2,1
760,0,44,62628,64,3,8,6,1
1829,0,8,154623,21,0,6,6,0
1916,0,18,134752,47,2,6,5,0
1902,0,22,131810,16,5,5,7,0
1057,1,46,65207,81,5,1,2,1
1814,0,29,53002,73,7,5,5,1
1399,1,19,84003,68,0,9,6,1
995,0,85,118161,74,2,0,4,0
465,1,56,53231,41,8,0,5,1
1500,1,72,166043,93,1,7,6,0
1790,0,2,52648,2,0,5,2,1
1942,1,91,110519,6,0,9,4,0
160,0,26,86000,73,0,3,3,1
1237,0,38,145704,82,8,0,4,0
413,0,69,86509,88,0,0,4,1
1523,0,6,170345,3,4,9,5,0
213,1,86,12000,70,8,2,4,1
1037,0,19,178217,38,8,0,3,0
1869,1,57,186157,54,5,1,1,0
901,1,1,75518,17,7,7,3,1
1838,0,90,60998,35,3,1,7,1
816,0,82,53452,73,3,1,6,1
742,1,84,163818,27,2,2,1,0
1706,0,64,56398,75,3,8,3,1
1090,0,86,53622,27,0,0,3,1
668,0,59,156880,70,0,0,7,0
1207,0,31,143241,81,4,4,7,0
510,0,17,167060,47,0,1,5,0
598,1,91,97879,40,3,15,7,1
997,0,13,185843,36,0,4,3,0
982,1,23,67535,97,5,7,6,1
795,0,-1,147719,86,7,1,7,0
1517,0,87,95853,53,5,9,1,1
519,0,13,88960,2,3,13,3,1
1507,0,9,173233,18,9,5,1,0
768,0,0,143910,22,8,1,7,0
637,0,47,77600,66,5,0,1,1
744,0,32,140190,49,2,1,4,0
422,0,56,183540,96,3,0,6,0
124,1,39,6000,91,5,1,3,1
742,1,79,163818,27,2,2,1,0
1755,0,5,122961,47,1,8,2,0
1809,1,92,171794,65,0,6,5,0
820,0,19,117477,48,5,6,7,0
1404,0,58,119366,94,2,4,2,0
1383,1,73,173466,57,3,10,5,0
101,0,23,65000,41,0,0,4,1
1514,0,85,98344,25,0,6,6,1
1284,0,35,97721,48,2,0,7,1
1690,0,54,96028,37,0,0,5,1
1037,0,21,178217,38,8,0,3,0
1491,1,95,119189,57,0,9,3,0
1104,0,99,103706,50,3,1,2,1
921,1,14,124998,17,7,1,3,0
1170,0,15,79806,30,2,1,6,1
1187,0,86,168437,81,0,2,2,0
861,0,85,174159,22,7,4,4,0
1353,0,87,184639,12,1,1,6,0
1565,1,6,169299,46,8,1,5,0
1307,0,86,187643,3,0,1,1,0
1077,1,45,73760,70,3,1,6,1
983,1,47,133236,61,4,1,6,0
457,1,1,187297,7,0,0,1,0
1612,0,63,89765,28,0,0,7,1
950,0,59,157207,52,5,0,4,0
821,0,81,79677,9,0,10,7,1
382,1,90,70201,8,2,0,2,1
1724,0,36,52374,73,0,1,1,1
1883,1,68,51468,48,0,0,3,1
1340,0,44,125677,36,3,5,2,0
1011,1,14,164659,59,3,1,6,0
1593,1,44,145520,55,6,1,7,0
1990,0,47,75293,55,1,6,7,1
663,0,3,117638,95,5,2,7,0
629,0,38,150444,27,0,13,4,0
1652,1,35,133850,85,8,9,3,0
1620,0,36,186470,21,0,0,7,0
1790,0,6,52648,2,0,5,2,1
988,0,59,185306,47,3,0,2,0
1122,0,82,68212,26,5,7,4,1
1028,1,88,88811,52,2,0,4,1
1576,1,57,63683,34,5,3,1,1
846,0,31,76422,21,5,9,7,1
543,0,56,100271,87,0,1,5,1
92,1,18,36000,41,0,1,4,1
1547,0,62,180341,75,5,1,3,0
1123,1,11,64572,71,0,1,2,1
1197,0,54,70803,35,3,0,5,1
1103,0,86,159964,57,2,5,6,0
671,1,49,59163,100,8,3,3,1
1792,0,55,106153,62,0,10,1,1
250,0,90,65000,0,2,0,5,1
1827,0,91,134665,66,0,7,2,0
150,1,29,90000,90,0,6,3,1
1578,1,82,121610,36,0,0,5,0
1776,1,75,172309,82,4,4,1,0
1049,0,22,163585,49,0,9,5,0
822,0,-2,116759,28,8,7,3,0
1832,0,84,99418,27,0,4,2,1
899,1,73,74350,39,7,10,1,1
1460,1,71,85908,85,3,5,4,1
1612,0,68,89765,28,0,0,7,1
238,1,95,36000,35,9,0,4,1
1502,1,34,171353,34,1,8,4,0
341,0,87,173185,99,0,3,1,0
1134,0,99,57677,99,7,0,5,1
882,0,87,82854,75,0,6,4,1
719,0,12,50550,34,5,9,7,1
164,0,31,58000,93,5,1,5,1
289,0,18,5000,91,8,0,1,1
1836,0,19,151382,38,7,1,1,0
253,0,78,3000,14,0,5,4,1
290,0,97,19000,58,2,1,3,1
1384,0,33,55690,4,8,4,6,1
806,0,28,189369,69,5,0,3,0
1539,0,83,102083,24,0,1,1,1
931,1,82,114776,55,3,10,3,0
26,1,24,52000,82,0,1,3,1
1698,1,70,80160,10,0,8,5,1
1908,1,17,142147,78,0,8,4,0
979,0,61,151184,19,0,1,4,0
1393,1,6,112884,43,5,0,6,0
403,1,52,186359,95,1,13,2,0
227,0,25,40000,77,0,5,4,1
226,0,80,23000,8,2,1,1,1
1091,0,7,172913,94,4,3,4,0
1179,0,41,161130,98,0,8,3,0
1827,0,92,134665,66,0,7,2,0
1938,1,54,166183,65,0,7,6,0
1182,0,92,163442,32,4,1,6,0
1453,0,43,132701,70,5,5,2,0
594,0,49,83788,41,1,15,1,1
678,1,14,74174,79,3,1,2,1
42,1,24,85000,92,5,0,2,1
1834,1,12,55639,63,5,8,1,1
390,0,19,86203,23,1,13,1,1
155,0,46,80000,16,5,0,4,1
1942,1,96,110519,6,0,9,4,0
244,0,77,47000,58,0,0,6,1
1125,0,41,69730,97,0,1,4,1
1340,0,45,125677,36,3,5,2,0
1867,0,8,157316,75,0,9,3,0
1215,1,19,109373,22,3,4,2,1
1168,0,44,185550,54,0,0,1,0
1443,0,55,123045,56,2,7,3,0
262,0,52,35000,85,1,2,6,1
1722,0,93,168303,16,4,9,4,0
1255,0,6,133400,47,2,0,6,0
243,0,82,40000,14,5,1,4,1
689,0,0,126015,57,5,0,1,0
655,0,6,158549,98,4,0,3,0
835,0,3,147548,45,4,4,5,0
1566,1,3,119097,40,5,0,7,0
1666,0,2,56782,10,0,9,5,1
1001,0,93,81839,11,3,0,4,1
803,0,57,133822,78,8,0,4,0
341,0,84,173185,99,0,3,1,0
1873,0,15,58459,67,4,0,6,1
749,0,41,111174,28,0,4,5,0
1892,1,71,149318,27,0,4,1,0
481,0,13,176397,71,0,6,3,0
1865,1,9,151902,18,0,0,2,0
219,0,62,71000,34,4,9,2,1
616,1,69,101858,70,5,8,6,1
269,0,32,8000,76,3,6,6,1
784,0,95,117763,42,0,1,2,0
1425,0,9,137354,89,0,8,7,0
1301,0,59,146350,43,0,1,3,0
607,0,19,99421,72,0,8,7,1
1196,0,61,119833,38,1,1,2,0
1637,0,0,141307,17,5,1,3,0
494,0,13,66760,20,0,0,4,1
1726,0,52,163612,51,4,0,5,0
1845,0,43,133740,37,0,5,4,0
621,1,57,123083,44,3,6,5,0
811,0,88,157759,52,0,1,6,0
1785,0,1,89473,85,7,10,4,1
1272,0,0,61228,81,3,1,6,1
1229,0,26,183201,52,2,8,6,0
3,0,22,86000,6,2,1,1,1
1128,1,8,148450,55,5,0,6,0
627,0,91,82535,50,5,0,1,1
348,0,99,184426,41,0,9,1,0
1503,0,65,116971,76,4,7,5,0
542,0,23,52234,30,4,1,2,1
1566,1,2,119097,40,5,0,7,0
99,1,50,58000,42,1,1,2,1
980,0,67,177512,62,2,2,3,0
1424,0,53,145678,55,4,0,1,0
1438,1,23,159572,42,5,5,5,0
1366,0,51,117076,45,1,1,2,0
912,0,19,120215,46,6,7,2,0
496,0,89,179877,17,5,12,4,0
633,1,32,118280,92,0,0,5,0
1750,0,33,150823,75,0,4,1,0
446,1,54,65874,87,0,7,6,1
618,1,29,135931,74,7,5,1,0
104,1,24,52000,55,4,0,5,1
1897,0,65,72313,36,7,1,5,1
171,1,42,69000,13,0,3,5,1
595,0,97,184771,77,2,8,5,0
844,0,70,184628,38,0,12,2,0
432,1,81,127615,78,4,10,7,0
1390,0,64,75561,87,5,5,3,1
1375,0,11,147258,59,7,10,2,0
1466,1,60,179503,9,0,4,3,0
1673,1,58,87923,19,3,0,5,1
114,1,15,2000,46,0,1,1,1
116,0,19,51000,50,4,8,4,1
1495,0,48,157003,45,2,5,4,0
354,1,23,181760,35,5,14,3,0
1233,1,41,156014,49,1,14,5,0
614,0,52,93947,81,5,9,2,1
1507,0,13,173233,18,9,5,1,0
1791,1,17,125471,48,2,7,1,0
345,0,6,148431,99,5,1,8,0
1715,1,30,176147,19,5,0,1,0
638,0,28,113707,97,3,0,5,0
1759,0,65,139520,39,0,8,4,0
58,1,69,8000,46,1,8,2,1
1098,1,52,107879,3,1,1,6,1
1991,0,29,166983,69,0,7,3,0
906,0,62,118385,8,5,10,3,0
1912,0,5,59116,45,0,10,6,1
1254,1,58,105302,75,1,0,3,1
1330,1,83,128917,7,6,5,5,0
504,0,1,144831,17,0,1,3,0
334,1,-1,173743,96,0,0,4,0
1528,1,69,104826,36,5,5,1,1
1813,0,63,91609,43,3,8,1,1
1903,1,88,138482,59,8,8,4,0
260,1,27,26000,60,4,6,4,1
1899,1,46,126228,95,8,8,2,0
561,0,69,123925,52,0,1,7,0
708,1,56,103210,100,0,6,6,1
1648,0,49,68901,70,1,7,7,1
425,0,58,155672,71,3,7,7,0
1094,0,33,67874,55,0,0,2,1
1377,1,72,149092,39,2,8,1,0
648,0,77,160351,77,7,8,5,0
73,0,60,44000,49,0,0,5,1
523,1,19,119952,2,5,8,2,0
1887,0,69,104160,77,2,4,4,1
1727,0,64,64756,17,8,10,1,1
1006,0,8,129743,6,0,0,2,0
621,1,58,123083,44,3,6,5,0
1320,0,47,118285,69,1,8,4,0
288,0,73,31000,47,5,1,2,1
554,0,31,139592,62,8,1,1,0
382,1,91,70201,8,2,0,2,1
1895,0,39,61298,91,0,0,5,1
145,1,22,71000,12,2,0,5,1
1555,0,3,136316,88,4,0,3,0
1546,0,88,93964,80,0,4,2,1
258,1,78,73000,96,6,6,7,1
548,0,25,156016,85,0,2,1,0
999,1,24,77976,95,0,11,3,1
1178,1,93,178228,45,2,1,2,0
1690,0,51,96028,37,0,0,5,1
1274,0,69,152405,4,0,1,4,0
1398,1,61,99980,94,5,10,1,1
1578,1,82,121610,36,0,0,5,0
1621,1,16,100939,34,5,7,6,1
1654,0,56,133214,1,8,9,7,0
1726,0,48,163612,51,4,0,5,0
1978,1,60,125968,100,7,8,2,0
322,1,9,69078,60,7,13,1,1
1590,0,56,102205,24,0,1,1,1
441,0,0,57373,29,9,0,7,1
509,0,70,104974,63,0,1,1,1
1101,0,27,156258,54,3,0,4,0
590,0,46,148520,14,5,11,5,0
1961,0,70,108544,49,3,4,5,1
650,0,49,170188,80,7,1,6,0
1547,0,61,180341,75,5,1,3,0
1640,0,27,123246,100,6,8,6,0
1920,0,33,140637,19,4,8,7,0
324,1,11,95469,94,1,6,1,1
1856,1,39,69419,68,5,9,1,1
535,0,88,77709,73,0,0,1,1
1456,1,54,136417,45,5,9,6,0
246,0,23,38000,75,3,7,2,1
661,1,49,81084,48,4,6,5,1
631,1,63,113605,42,0,3,3,0
673,0,65,58318,45,1,1,1,1
1250,0,96,85447,4,0,9,6,1
1739,1,10,164214,77,7,0,4,0
483,1,76,155622,81,5,0,2,0
1585,0,27,101948,31,0,0,5,1
1980,1,0,165321,93,1,8,1,0
1409,0,66,106982,53,3,1,7,1
1939,1,76,132537,44,1,5,3,0
1463,0,96,105968,65,2,4,5,1
765,1,15,101388,90,0,0,2,1
571,1,61,90084,65,0,1,6,1
380,0,69,165734,51,3,0,1,0
857,1,85,142723,46,2,0,6,0
1226,1,22,126543,45,6,0,3,0
1191,1,97,142214,32,0,7,4,0
766,0,51,171560,78,2,0,2,0
1282,1,37,50526,19,0,0,6,1
531,0,47,104834,44,0,0,7,1
658,1,98,171677,81,0,0,6,0
50,0,31,25000,42,2,1,1,1
1695,0,13,134748,76,8,1,6,0
1683,1,83,180887,59,3,1,1,0
859,0,64,153607,48,5,1,4,0
923,0,9,153842,3,0,1,3,0
1073,1,79,66051,75,5,1,7,1
720,0,37,145648,21,5,7,6,0
152,1,39,41000,88,2,0,1,1
167,1,41,79000,20,6,9,3,1
981,1,43,140099,51,7,0,7,0
1661,0,8,100099,74,5,1,3,1
1657,1,5,64484,10,6,0,5,1
178,1,25,45000,69,5,2,6,1
313,0,25,118302,100,7,5,1,0
1082,0,93,138013,16,0,8,7,0
173,1,32,79000,10,7,0,2,1
956,1,3,83704,82,3,1,1,1
858,1,19,155151,16,8,14,3,0
944,0,29,80098,54,7,10,6,1
1600,1,8,144830,43,0,0,1,0
729,1,78,145528,61,5,1,2,0
223,1,45,33000,55,0,4,3,1
1768,0,29,110309,21,0,6,2,0
1784,0,86,90228,68,2,7,5,1
1012,0,82,125623,62,4,0,4,0
1386,1,39,100419,19,0,5,4,1
514,1,100,183783,70,5,9,3,0
1400,1,2,110889,95,4,1,2,0
1196,0,59,119833,38,1,1,2,0
1766,1,71,59741,67,0,10,5,1
1476,1,62,113306,4,4,5,6,0
487,0,60,77857,81,0,1,6,1
1496,0,56,117123,23,0,9,7,0
881,0,30,62475,24,0,6,4,1
298,1,62,87000,41,1,6,2,1
78,1,35,99000,48,0,4,3,1
1265,1,53,144489,10,0,14,3,0
1334,0,97,133614,58,0,7,4,0
959,0,81,111174,48,3,9,6,0
1607,0,34,56492,15,6,8,1,1
708,1,60,103210,100,0,6,6,1
909,1,16,172601,50,8,4,6,0
1930,1,58,87602,25,4,5,3,1
1610,1,71,118096,36,7,0,3,0
928,1,25,81367,87,9,0,3,1
1375,0,11,147258,59,7,10,2,0
1287,0,18,62651,13,3,0,2,1
1987,0,5,68094,61,1,4,7,1
350,0,88,166107,98,0,13,4,0
1369,0,31,138644,94,2,4,3,0
131,1,47,66000,9,4,9,5,1
644,0,67,160945,51,5,0,5,0
866,1,91,58289,49,0,5,6,1
43,1,43,22000,36,0,14,3,1
1682,0,52,165573,59,5,0,7,0
670,0,23,144916,84,2,1,7,0
1623,0,36,184222,17,5,0,2,0
128,1,37,4000,95,0,0,2,1
1261,1,51,145720,62,6,12,7,0
769,0,27,106569,84,2,1,3,1
1819,1,43,103531,90,0,10,5,1
1180,1,70,87976,38,7,1,6,1
1368,0,29,149379,100,7,0,3,0
1955,0,44,131656,45,7,9,6,0
209,0,49,15000,7,1,0,2,1
1851,0,40,187234,14,1,0,5,0
1588,0,19,181795,59,5,3,5,0
1796,0,74,57596,96,0,4,1,1
255,0,50,27000,32,2,4,4,1
373,0,26,178265,5,7,2,1,0
1358,0,72,176074,70,1,1,7,0
787,0,53,112530,24,3,2,6,0
1587,0,12,167619,4,5,7,6,0
141,0,57,32000,5,2,0,2,1
789,0,23,84793,23,6,9,6,1
324,1,13,95469,94,1,6,1,1
690,0,11,156951,66,5,4,7,0
715,0,54,132345,10,0,0,2,0
196,0,31,46000,79,4,1,3,1
1310,1,80,146130,20,3,6,6,0
1688,1,76,101073,67,4,0,7,1
1180,1,74,87976,38,7,1,6,1
1521,1,29,144832,42,0,5,3,0
1908,1,15,142147,78,0,8,4,0
619,1,38,103356,20,8,1,6,1
407,0,51,66852,73,4,15,3,1
207,0,20,55000,61,5,0,3,1
38,0,29,62000,73,5,1,5,1
1083,1,76,148286,77,3,0,4,0
853,0,3,121926,41,7,7,1,0
418,0,36,124614,25,0,8,5,0
498,1,12,84547,96,6,3,3,1
1915,0,43,56837,4,5,8,4,1
343,1,22,107941,61,0,0,1,1
578,1,22,162598,84,0,8,3,0
1921,1,48,137973,50,5,7,7,0
783,1,74,76521,29,2,7,4,1
1005,1,68,119625,3,5,4,4,0
1324,1,27,82474,31,0,9,3,1
1461,0,92,139806,99,3,4,4,0
1778,1,31,134882,61,0,10,3,0
304,0,38,148539,7,5,5,2,0
1371,1,25,84658,66,7,4,6,1
460,0,8,69443,28,1,4,6,1
665,1,26,79526,6,8,9,7,1
1178,1,95,178228,45,2,1,2,0
1245,0,58,78795,44,2,0,6,1
437,0,20,78223,41,7,0,1,1
1358,0,71,176074,70,1,1,7,0
1132,1,10,152684,24,7,0,3,0
1565,1,10,169299,46,8,1,5,0
869,0,54,57337,14,5,1,4,1
85,0,21,24000,57,8,1,3,1
1451,1,76,146432,25,0,6,1,0
1801,1,80,93253,51,0,4,5,1
942,1,18,185861,82,0,3,6,0
962,1,91,189357,4,7,7,1,0
842,0,62,185388,54,5,0,2,0
603,0,66,154007,32,0,7,7,0
686,1,95,136265,49,0,12,5,0
1150,0,68,138087,63,8,1,7,0
867,0,45,79801,77,1,0,2,1
1719,0,98,50223,15,3,8,1,1
1050,1,4,93186,83,3,1,3,1
291,1,9,27000,62,3,7,1,1
12,0,34,93000,99,5,4,4,1
544,0,7,170266,23,0,3,2,0
203,0,17,60000,0,2,6,8,1
1413,1,17,106941,73,0,1,1,1
1616,0,56,146877,47,5,4,3,0
605,0,94,85265,68,4,7,6,1
698,0,33,138612,71,4,9,2,0
917,0,24,67582,13,0,1,3,1
1155,0,33,74358,60,0,0,6,1
443,0,91,66322,88,0,0,3,1
1100,1,89,63379,59,0,12,7,1
1089,0,10,162076,78,9,0,3,0
1884,0,12,114071,37,5,0,2,0
1152,0,91,187339,62,5,0,6,0
1625,0,18,174836,63,5,0,4,0
515,1,78,83771,1,0,1,2,1
822,0,0,116759,28,8,7,3,0
168,0,34,83000,95,0,0,5,1
479,1,41,187536,66,5,3,6,0
1775,0,56,174768,66,3,9,2,0
1224,1,74,184838,18,9,8,5,0
1689,0,33,62617,10,0,9,3,1
1303,1,52,80605,20,1,1,6,1
1001,0,92,81839,11,3,0,4,1
1286,1,83,166737,76,0,0,3,0
1561,1,90,92247,47,8,0,6,1
1506,0,63,88720,100,0,10,1,1
1478,1,85,85758,35,7,10,4,1
19,1,52,20000,29,3,1,4,1
1638,1,73,172011,9,1,1,5,0
1668,0,9,146950,92,1,6,5,0
494,0,14,66760,20,0,0,4,1
1126,0,25,156793,57,8,2,4,0
1405,0,91,53788,57,1,0,2,1
1094,0,36,67874,55,0,0,2,1
1864,0,18,88729,81,2,1,1,1
722,0,22,99950,20,3,0,4,1
448,0,60,67097,91,2,6,1,1
424,1,29,112587,71,0,1,4,0
270,0,54,88000,39,0,1,2,1
133,0,28,41000,34,5,6,4,1
585,0,10,112818,85,8,15,7,0
624,1,79,86235,52,0,0,2,1
688,0,52,109425,46,2,0,1,1
1333,0,77,82060,46,5,7,1,1
285,0,29,67000,11,5,0,1,1
1134,0,98,57677,99,7,0,5,1
1609,1,17,131863,94,0,1,7,0
673,0,66,58318,45,1,1,1,1
233,0,70,18000,88,7,0,2,1
1010,1,69,61637,67,9,0,5,1
1200,1,86,122722,10,4,9,4,0
308,0,63,120487,14,1,0,2,0
361,1,90,164914,18,0,8,3,0
1397,0,19,92048,91,5,1,1,1
1648,0,46,68901,70,1,7,7,1
925,0,66,62901,60,0,8,5,1
1678,1,0,126060,92,1,1,3,0
1311,1,80,84471,79,1,1,5,1
1171,1,10,180774,66,3,1,5,0
1955,0,48,131656,45,7,9,6,0
801,0,61,140516,50,0,0,3,0
401,0,55,82285,35,2,16,1,1
345,0,4,148431,99,5,1,8,0
695,0,77,92355,87,3,1,4,1
987,0,12,67613,40,3,1,2,1
526,0,69,134677,59,5,15,5,0
744,0,30,140190,49,2,1,4,0
947,0,13,146011,69,8,9,5,0
1672,1,24,119238,55,0,1,3,0
447,1,91,115996,24,2,15,1,0
23,0,45,42000,5,0,13,2,1
114,1,19,2000,46,0,1,1,1
1438,1,21,159572,42,5,5,5,0
972,0,56,108675,57,0,4,5,1
1242,1,29,170669,78,1,9,5,0
1143,0,57,143021,3,4,5,4,0
410,1,40,102717,93,5,7,4,1
1217,0,78,59784,81,0,3,3,1
1826,1,7,189709,18,0,6,6,0
1199,1,83,126669,53,0,1,6,0
86,1,48,31000,46,5,7,5,1
1519,1,2,72889,36,6,5,7,1
1834,1,8,55639,63,5,8,1,1
1382,0,62,89801,88,0,5,4,1
1376,0,78,132983,67,5,7,7,0
669,1,15,157278,58,0,0,6,0
656,1,26,134263,94,8,1,3,0
1015,0,76,166245,13,4,7,3,0
129,1,59,38000,11,2,0,2,1
1365,1,14,87222,14,5,8,4,1
1145,0,26,64398,7,7,1,6,1
371,1,54,88046,61,0,8,1,1
892,0,58,135705,48,2,8,7,0
1499,1,2,156655,20,3,4,5,0
1360,0,64,77914,11,0,1,6,1
308,0,61,120487,14,1,0,2,0
969,1,36,186897,49,5,1,7,0
1716,0,2,142351,97,3,0,7,0
384,0,10,184522,43,0,0,2,0
151,1,43,30000,17,7,0,9,1
175,0,47,20000,13,7,0,2,1
1318,0,12,149031,96,0,10,5,0
1452,0,97,125731,41,0,6,4,0
1865,1,10,151902,18,0,0,2,0
1665,1,78,186130,61,7,3,7,0
427,1,38,71897,32,3,2,3,1
495,0,34,135115,54,3,1,7,0
1208,0,26,146028,33,5,0,5,0
1634,0,0,165711,50,0,1,2,0
472,1,95,93762,28,0,15,7,1
1209,1,7,165287,65,1,1,3,0
1821,1,23,75961,70,4,5,7,1
1034,0,91,168990,81,1,9,5,0
1218,1,85,140687,63,0,1,2,0
1672,1,24,119238,55,0,1,3,0
715,0,52,132345,10,0,0,2,0
1967,1,65,134213,32,6,8,4,0
1240,0,3,167226,59,6,3,1,0
776,0,65,71305,39,0,9,2,1
180,1,37,42000,90,2,8,1,1
276,1,78,65000,89,7,1,2,1
490,0,60,81934,81,5,1,4,1
1154,0,89,151176,55,5,1,2,0
1230,0,95,84925,46,0,4,6,1
691,0,3,127172,68,5,1,2,0
1304,1,38,171949,11,1,1,6,0
652,1,72,91794,83,3,0,7,1
820,0,21,117477,48,5,6,7,0
529,1,15,150258,17,1,0,3,0
1781,0,68,176884,94,2,10,2,0
1663,1,62,172407,60,1,9,3,0
756,0,93,87878,55,0,1,6,1
1059,1,8,104953,57,1,1,6,1
119,0,51,84000,43,9,2,7,1
1025,0,20,146221,25,8,0,3,0
1017,0,94,55972,83,3,1,7,1
282,0,43,85000,63,8,1,2,1
343,1,17,107941,61,0,0,1,1
1317,0,33,109396,17,9,1,2,1
1092,0,39,94316,86,0,0,6,1
969,1,32,186897,49,5,1,7,0
1666,0,2,56782,10,0,9,5,1
1986,1,29,74050,44,3,8,1,1
1906,0,52,164038,53,9,5,4,0
565,0,49,141416,100,5,15,1,0
1938,1,49,166183,65,0,7,6,0
310,0,16,156488,65,2,1,4,0
620,0,44,75195,79,0,1,3,1
119,0,52,84000,43,9,2,7,1
1743,0,12,89252,31,3,0,5,1
1272,0,4,61228,81,3,1,6,1
156,0,27,10000,89,8,8,4,1
1848,0,26,145491,72,3,9,5,0
1899,1,49,126228,95,8,8,2,0
1656,0,96,92100,23,0,9,3,1
461,0,42,124072,56,7,0,7,0
305,0,90,117319,21,7,1,2,0
583,0,16,144111,62,3,12,5,0
1389,0,16,140673,49,0,6,7,0
1014,1,83,83535,56,0,1,5,1
1957,1,59,101698,87,0,9,3,1
1996,0,75,184387,40,0,8,7,0
965,1,91,130431,52,5,6,3,0
1308,1,23,93841,25,7,0,7,1
423,0,32,96484,34,0,5,4,1
576,1,32,149900,34,0,6,3,0
597,0,10,58639,51,3,5,7,1
1956,0,9,181026,39,8,6,2,0
1489,0,96,94629,17,8,6,3,1
1707,0,69,171118,91,2,9,3,0
1501,1,39,67768,15,1,10,6,1
1300,1,81,50798,56,0,10,5,1
133,0,25,41000,34,5,6,4,1
954,1,31,87014,71,1,11,4,1
1193,1,79,172523,83,0,6,2,0
862,0,93,73642,50,8,0,3,1
844,0,67,184628,38,0,12,2,0
1802,1,20,189650,60,7,8,4,0
1629,1,45,88707,81,5,0,5,1
1994,0,64,175254,100,0,9,5,0
589,0,60,52661,25,5,12,5,1
270,0,52,88000,39,0,1,2,1
630,0,37,149095,83,7,1,2,0
1731,0,65,92135,49,6,6,4,1
1034,0,96,168990,81,1,9,5,0
315,1,11,53927,77,1,2,3,1
287,0,85,140000,84,3,1,1,0
1327,1,18,77873,49,4,6,5,1
930,0,16,82382,97,4,1,3,1
301,1,85,153787,100,3,3,3,0
1166,1,18,189498,18,0,4,1,0
888,0,95,78308,66,4,5,2,1
1589,0,50,186445,41,2,0,1,0
1448,0,60,128205,27,5,6,5,0
1473,0,58,127833,2,0,7,7,0
818,0,94,154456,71,9,0,7,0
770,1,29,173009,25,5,9,6,0
1187,0,88,168437,81,0,2,2,0
66,1,18,9000,59,3,0,2,1
941,0,49,70152,29,5,0,2,1
1881,1,57,102692,94,5,0,2,1
891,1,67,94199,71,0,5,7,1
1076,0,99,67398,81,3,2,5,1
1467,0,0,60575,14,2,5,2,1
1767,0,43,156567,89,2,7,6,0
511,0,30,69018,17,0,6,1,1
105,1,50,86000,56,5,10,2,1
9,1,66,97000,3,2,0,3,1
231,0,6,93000,53,7,8,2,1
504,0,5,144831,17,0,1,3,0
96,1,25,80000,52,0,10,1,1
749,0,45,111174,28,0,4,5,0
381,1,8,175407,2,0,5,1,0
1036,0,33,165772,51,5,1,4,0
1526,1,69,143987,87,5,10,5,0
1044,0,60,115299,87,0,6,3,0
116,0,23,51000,50,4,8,4,1
1005,1,67,119625,3,5,4,4,0
1958,0,45,152560,32,3,9,2,0
837,1,63,85351,57,5,0,2,1
378,1,42,72594,64,0,1,2,1
375,1,85,140478,43,1,6,4,0
751,1,34,149103,3,5,10,1,0
799,1,73,91456,13,0,1,4,1
937,0,22,85568,1,5,0,6,1
940,0,80,67781,1,3,4,4,1
1322,0,28,178285,91,0,4,7,0
1556,1,99,172039,51,7,0,6,0
1400,1,-1,110889,95,4,1,2,0
506,0,19,111896,90,4,1,3,0
530,1,48,115832,92,0,2,2,0
1047,1,25,146597,31,2,1,4,0
637,0,43,77600,66,5,0,1,1
1270,0,71,74696,41,1,1,6,1
186,1,30,72000,97,0,6,2,1
507,0,0,64824,30,4,1,1,1
625,0,98,96400,4,1,1,7,1
267,0,42,28000,68,0,1,1,1
1798,1,50,112957,71,4,5,3,0
1442,0,16,75831,5,5,10,7,1
1536,0,60,99222,48,0,1,6,1
1274,0,72,152405,4,0,1,4,0
608,0,96,145457,57,4,2,1,0
1713,1,33,76654,48,0,4,1,1
1971,1,52,107099,89,4,4,6,1
549,0,98,186882,40,3,1,7,0
1251,0,79,114213,33,1,9,4,0
1631,1,59,154821,77,1,0,2,0
1348,0,96,99263,100,5,8,1,1
1978,1,60,125968,100,7,8,2,0
159,1,34,66000,1,7,1,2,1
1749,0,27,170166,18,0,10,4,0
321,1,36,69841,21,2,10,2,1
903,0,75,102904,28,0,7,6,1
353,0,51,72303,98,7,7,1,1
1231,1,89,69719,47,0,9,2,1
1480,1,93,70174,6,4,10,6,1
445,1,7,70749,86,0,13,3,1
1916,0,13,134752,47,2,6,5,0
755,0,17,63557,3,8,1,1,1
1738,1,94,127927,48,1,0,4,0
1960,0,88,155432,21,2,4,6,0
312,0,12,77501,30,2,5,4,1
549,0,96,186882,40,3,1,7,0
647,0,59,97468,22,0,0,1,1
885,0,87,171362,90,4,6,4,0
307,0,63,165052,12,0,4,2,0
695,0,74,92355,87,3,1,4,1
1928,1,77,151985,29,5,4,7,0
1071,1,86,117679,18,3,1,3,0
750,1,80,127335,97,0,6,6,0
1267,0,24,86119,44,0,1,6,1
154,0,35,92000,76,0,2,2,1
518,0,80,59971,94,6,14,7,1
971,1,31,188620,30,0,3,6,0
14,0,24,91000,77,7,1,1,1
874,0,34,94029,98,5,1,4,1
809,0,61,163509,51,5,0,4,0
515,1,81,83771,1,0,1,2,1
1194,0,13,157588,76,4,2,6,0
410,1,37,102717,93,5,7,4,1
381,1,7,175407,2,0,5,1,0
1265,1,56,144489,10,0,14,3,0
208,1,46,93000,12,0,2,1,1
111,1,69,34000,52,3,4,4,1
459,1,84,53500,44,8,3,4,1
1581,1,50,148875,99,0,0,4,0
407,0,49,66852,73,4,15,3,1
900,1,2,144103,42,5,8,7,0
459,1,85,53500,44,8,3,4,1
642,1,63,121377,19,9,7,7,0
1884,0,11,114071,37,5,0,2,0
1714,1,67,86289,96,0,1,5,1
590,0,43,148520,14,5,11,5,0
230,1,13,94000,30,5,7,2,1
553,0,7,148607,59,6,1,7,0
1709,0,90,150187,35,5,0,5,0
1638,1,77,172011,9,1,1,5,0
1926,0,0,105935,46,1,4,5,1
635,0,33,129257,70,4,6,3,0
1676,0,50,135164,75,0,9,3,0
317,0,54,132046,8,6,4,4,0
1506,0,65,88720,100,0,10,1,1
1524,1,29,157383,13,7,8,2,0
1329,1,50,168898,41,0,9,7,0
428,1,31,158479,57,1,1,5,0
1209,1,9,165287,65,1,1,3,0
106,0,21,82000,42,1,1,2,1
143,0,28,62000,40,1,5,3,1
185,0,43,39000,39,0,1,1,1
1269,1,9,66686,50,0,8,7,1
237,1,89,9000,96,5,1,5,1
1950,1,37,102413,38,5,5,5,1
1551,0,16,95365,60,0,0,5,1
1725,0,37,86154,17,1,1,2,1
758,0,87,118110,26,2,1,5,0
1930,1,60,87602,25,4,5,3,1
1952,1,1,57522,75,0,10,5,1
680,0,84,137397,33,1,1,7,0
918,1,3,96543,60,0,9,1,1
286,1,85,59000,40,0,0,1,1
1110,0,96,91226,56,5,0,5,1
356,1,21,172923,20,2,6,1,0
592,0,73,102296,31,3,7,5,1
1711,0,77,116813,72,3,10,6,0
1577,0,16,189689,37,5,8,5,0
588,0,57,86766,2,7,16,3,1
214,1,49,50000,82,7,8,1,1
779,1,19,82333,35,8,1,2,1
1032,1,73,147449,16,0,1,5,0
466,0,71,156330,31,2,1,2,0
44,0,33,33000,61,0,1,2,1
1288,0,52,179546,4,6,8,4,0
299,1,12,79000,16,0,1,3,1
502,1,69,72352,61,5,8,5,1
1568,0,38,181108,32,6,1,1,0
1024,1,52,99423,82,5,0,5,1
1544,0,9,174530,30,7,1,6,0
354,1,27,181760,35,5,14,3,0
1609,1,15,131863,94,0,1,7,0
1344,0,82,157994,92,0,1,1,0
14,0,21,91000,77,7,1,1,1
274,0,18,143000,99,0,0,2,0
72,0,47,9000,42,3,8,2,1
1088,1,44,90167,84,2,0,3,1
395,0,75,151696,82,0,15,1,0
584,0,71,177359,56,1,6,2,0
1867,0,9,157316,75,0,9,3,0
718,0,15,103739,62,5,6,4,1
1826,1,2,189709,18,0,6,6,0
1649,0,37,118621,7,6,0,7,0
612,0,8,74928,12,0,0,6,1
319,1,63,182937,44,8,8,1,0
1764,0,1,140648,36,4,9,7,0
1011,1,13,164659,59,3,1,6,0
1260,1,47,52152,17,0,0,3,1
527,0,58,180479,74,5,0,3,0
378,1,46,72594,64,0,1,2,1
1560,1,84,97081,75,8,1,3,1
508,1,40,88565,16,5,1,5,1
1964,0,88,146970,90,0,7,6,0
1569,1,41,87764,59,2,9,7,1
349,0,24,151085,39,8,2,5,0
1140,0,43,140876,90,3,0,4,0
1710,0,45,129455,14,7,0,3,0
1051,1,46,149764,1,3,0,6,0
591,1,42,149936,52,0,15,3,0
520,0,53,140107,38,5,1,5,0
1673,1,58,87923,19,3,0,5,1
700,1,64,164675,65,4,0,5,0
1084,0,6,101031,28,0,1,1,1
357,0,87,115811,87,6,11,4,0
1997,0,87,73158,32,1,7,7,1
1810,0,15,156339,27,6,6,2,0
1878,1,11,150193,83,2,2,2,0
793,1,70,152069,42,3,4,4,0
1808,0,33,181773,40,5,8,1,0
1981,0,10,86925,76,0,7,2,1
556,1,89,57033,99,0,0,4,1
222,0,92,72000,51,2,4,2,1
1531,1,43,85347,9,1,1,1,1
1411,0,38,120825,24,4,9,7,0
916,1,87,62808,20,2,0,4,1
1164,0,81,124104,20,5,4,6,0
84,0,46,34000,44,3,8,4,1
1137,1,89,89531,42,5,6,2,1
21,1,35,96000,35,6,12,1,1
245,0,48,4000,20,0,0,4,1
1563,0,0,94014,53,2,9,5,1
974,0,12,87365,3,8,1,2,1
1711,0,75,116813,72,3,10,6,0
600,1,65,71795,87,5,8,1,1
1099,1,92,79531,4,0,1,1,1
741,0,89,162465,59,2,9,3,0
887,0,95,76646,61,0,0,1,1
417,0,84,187667,12,0,0,1,0
1086,1,87,153230,15,5,8,1,0
1363,1,-2,93883,39,5,1,2,1
738,1,64,125510,6,5,3,3,0
1454,0,63,116095,8,0,5,1,0
973,0,77,177601,34,3,0,2,0
1526,1,65,143987,87,5,10,5,0
127,1,44,89000,35,2,0,7,1
907,0,17,116463,100,0,8,4,0
400,1,13,140950,77,0,15,2,0
933,1,49,162072,86,2,1,1,0
948,0,45,135174,39,0,9,4,0
499,1,94,121725,3,9,12,3,0
893,1,47,130573,31,3,8,3,0
716,0,60,186069,49,8,1,2,0
650,0,51,170188,80,7,1,6,0
687,0,58,74869,12,5,0,3,1
1411,0,33,120825,24,4,9,7,0
942,1,14,185861,82,0,3,6,0
1966,0,47,114435,34,0,8,3,0
886,1,5,78274,65,0,9,2,1
918,1,4,96543,60,0,9,1,1
463,1,90,120597,96,0,2,4,0
1660,0,1,183282,34,0,1,1,0
1266,1,63,77440,47,7,0,5,1
484,0,30,62330,60,5,1,1,1
991,0,91,114571,51,4,1,3,0
1455,0,7,135773,42,0,9,5,0
278,1,93,95000,21,0,1,1,1
989,0,24,154787,84,4,3,5,0
85,0,16,24000,57,8,1,3,1
1246,0,70,55875,94,2,0,5,1
572,0,47,112247,24,4,4,5,0
1436,0,18,82812,1,0,6,2,1
994,0,50,69814,53,0,9,2,1
1296,1,67,87040,4,0,9,1,1
261,0,62,47000,16,0,2,3,1
586,1,49,53509,98,0,5,4,1
1350,1,33,170959,75,0,0,4,0
1008,1,83,87529,49,0,9,7,1
675,1,71,84622,45,1,0,6,1
448,0,58,67097,91,2,6,1,1
1889,0,76,180437,50,3,1,5,0
995,0,82,118161,74,2,0,4,0
65,1,60,63000,51,7,7,2,1
1161,0,0,108342,97,1,0,3,1
501,0,41,96794,96,5,6,3,1
1691,0,31,186334,37,0,0,1,0
1298,0,86,115517,82,5,0,6,0
1248,0,87,100850,83,1,0,3,1
1986,1,27,74050,44,3,8,1,1
295,0,73,80000,73,3,2,2,1
1548,0,91,107323,1,2,7,7,1
13,0,59,80000,15,4,0,5,1
589,0,63,52661,25,5,12,5,1
130,1,41,64000,75,3,8,5,1
1062,0,85,99983,88,4,0,1,1
426,0,68,72847,93,0,1,2,1
1055,0,38,166644,66,0,8,6,0
1321,1,96,128723,58,0,4,5,0
557,1,84,117612,63,2,0,6,0
1533,1,20,107794,17,2,0,5,1
576,1,36,149900,34,0,6,3,0
1542,1,51,187545,61,4,4,6,0
1539,0,85,102083,24,0,1,1,1
697,0,92,51742,33,0,8,3,1
1194,0,16,157588,76,4,2,6,0
1717,1,65,186673,51,1,1,1,0
1157,1,30,62925,24,2,1,6,1
1605,1,28,173096,92,5,0,3,0
1923,0,101,75125,89,4,8,3,1
458,0,16,153885,86,0,6,6,0
1286,1,84,166737,76,0,0,3,0
1464,0,86,125660,19,2,10,4,0
581,0,92,136037,1,8,5,1,0
1189,0,100,122548,14,9,2,5,0
88,0,23,55000,55,0,5,2,1
1890,0,19,134644,96,4,1,2,0
1592,1,91,82992,5,3,1,5,1
1525,0,97,150782,18,4,8,2,0
163,1,15,35000,5,4,0,5,1
1188,0,50,71322,54,3,1,6,1
272,0,-1,12000,82,1,0,3,1
1217,0,80,59784,81,0,3,3,1
1138,1,29,118092,100,3,7,3,0
1336,0,79,76474,5,1,5,5,1
1761,0,96,177134,78,5,10,2,0
1781,0,72,176884,94,2,10,2,0
1712,0,54,95734,39,6,8,7,1
1619,0,62,115754,35,2,1,3,0
454,0,48,123234,50,7,10,7,0
914,0,40,113739,93,0,5,7,0
670,0,24,144916,84,2,1,7,0
1200,1,87,122722,10,4,9,4,0
1275,1,18,157757,84,1,0,4,0
38,0,30,62000,73,5,1,5,1
975,1,80,95929,23,2,0,2,1
984,0,41,87975,5,6,9,7,1
663,0,1,117638,95,5,2,7,0
1419,0,64,146794,90,5,8,3,0
1561,1,88,92247,47,8,0,6,1
40,0,20,69000,75,0,8,2,1
1487,0,63,184830,60,1,9,3,0
543,0,54,100271,87,0,1,5,1
170,1,32,0,63,0,2,2,1
1356,0,64,89972,92,0,10,6,1
388,0,27,67447,5,0,15,2,1
1594,0,76,104820,96,0,2,4,1
615,1,36,134629,23,2,1,6,0
754,0,14,50396,46,7,0,6,1
1641,0,47,124194,32,1,1,7,0
1291,0,98,65031,23,0,0,4,1
1381,0,21,123904,91,0,7,5,0
1934,0,87,128153,42,0,7,6,0
580,1,83,135268,53,7,4,5,0
31,1,59,39000,4,0,0,3,1
893,1,52,130573,31,3,8,3,0
781,0,10,148908,10,5,2,3,0
160,0,30,86000,73,0,3,3,1
3,0,20,86000,6,2,1,1,1
1214,0,84,125316,81,7,0,6,0
1291,0,96,65031,23,0,0,4,1
850,0,75,164598,32,5,8,1,0
402,0,45,91389,92,5,11,7,1
1597,0,79,178576,51,4,5,5,0
1777,1,77,117920,4,1,10,4,0
1914,1,9,71076,2,0,8,1,1
1044,0,65,115299,87,0,6,3,0
1545,0,27,115438,37,0,0,6,0
1718,0,94,131521,62,0,0,6,0
54,1,59,68000,60,3,0,2,1
1853,0,46,165810,38,5,3,5,0
1912,0,8,59116,45,0,10,6,1
823,1,27,180702,21,3,6,1,0
674,0,14,180786,88,7,1,5,0
1490,0,93,167558,99,0,4,7,0
825,0,60,169346,55,5,7,2,0
1574,0,62,163179,19,5,1,7,0
1390,0,68,75561,87,5,5,3,1
1270,0,74,74696,41,1,1,6,1
1115,1,55,119296,49,2,0,7,0
1608,1,64,156422,39,3,1,7,0
1595,0,28,69025,79,3,0,2,1
772,1,56,104600,57,3,6,3,1
274,0,20,143000,99,0,0,2,0
1869,1,62,186157,54,5,1,1,0
1086,1,87,153230,15,5,8,1,0
712,0,31,65520,71,7,1,2,1
1326,0,6,76164,83,0,6,2,1
1464,0,83,125660,19,2,10,4,0
807,0,92,80808,26,0,1,1,1
452,1,71,128266,55,2,7,4,0
476,0,30,79968,45,7,9,2,1
109,1,68,13000,43,5,6,5,1
827,0,6,75853,40,6,4,5,1
1929,1,68,76892,64,4,5,2,1
235,0,2,84000,54,0,9,1,1
964,0,97,168898,54,6,8,7,0
399,1,59,130950,28,4,5,3,0
1747,1,49,91290,44,5,7,7,1
705,1,5,57265,89,3,7,7,1
432,1,78,127615,78,4,10,7,0
293,1,11,38000,66,0,8,8,1
1776,1,72,172309,82,4,4,1,0
146,1,28,26000,97,8,8,5,1
721,1,38,85737,37,4,0,3,1
34,1,13,62000,92,6,9,7,1
1798,1,47,112957,71,4,5,3,0
1166,1,19,189498,18,0,4,1,0
51,0,53,88000,52,0,1,2,1
1512,0,-1,100429,19,3,9,1,1
340,0,76,68292,55,0,8,2,1
415,0,79,135088,5,7,1,5,0
266,1,7,82000,39,3,2,2,1
1104,0,95,103706,50,3,1,2,1
1772,0,99,84167,46,0,10,7,1
272,0,1,12000,82,1,0,3,1
697,0,91,51742,33,0,8,3,1
1964,0,85,146970,90,0,7,6,0
245,0,53,4000,20,0,0,4,1
1753,0,24,153024,91,0,10,7,0
477,1,32,104824,42,0,0,7,1
33,1,49,59000,4,5,1,3,1
1392,0,32,111871,30,1,10,1,0
1075,0,94,166018,71,1,0,3,0
814,1,41,81718,36,3,1,3,1
1915,0,41,56837,4,5,8,4,1
1367,1,57,150925,1,5,1,2,0
1935,1,63,142612,58,1,4,6,0
1805,0,75,135159,12,2,7,6,0
873,0,42,185900,80,6,9,4,0
251,1,80,20000,93,2,1,3,1
546,0,89,107359,26,9,10,6,1
739,1,19,101799,49,2,1,1,1
311,1,56,97562,15,4,5,6,1
1132,1,11,152684,24,7,0,3,0
1450,0,84,97931,70,5,9,7,1
1873,0,18,58459,67,4,0,6,1
16,1,22,51000,79,5,1,2,1
1502,1,34,171353,34,1,8,4,0
790,0,20,66952,79,3,1,2,1
1205,0,51,117181,66,1,12,5,0
364,0,37,148544,56,3,1,2,0
183,1,46,11000,15,0,7,1,1
1195,0,10,143313,57,1,4,7,0
471,1,88,98463,46,6,10,5,1
1122,0,85,68212,26,5,7,4,1
1875,1,16,162983,16,3,0,6,0
1183,0,73,108159,18,3,8,7,1
1656,0,91,92100,23,0,9,3,1
615,1,39,134629,23,2,1,6,0
1467,0,5,60575,14,2,5,2,1
402,0,50,91389,92,5,11,7,1
935,0,30,182162,6,0,1,3,0
420,0,63,172758,69,3,1,2,0
630,0,38,149095,83,7,1,2,0
781,0,11,148908,10,5,2,3,0
727,1,3,67787,1,4,1,6,1
827,0,4,75853,40,6,4,5,1
1522,1,29,132297,53,3,8,1,0
137,0,44,76000,7,0,5,2,1
629,0,43,150444,27,0,13,4,0
335,0,67,116126,58,3,10,2,0
391,0,7,136231,10,0,7,1,0
1391,0,72,147306,50,5,6,6,0
1818,1,43,50418,49,5,5,1,1
1593,1,41,145520,55,6,1,7,0
711,1,82,153632,76,3,9,7,0
1040,0,49,142566,77,0,1,7,0
606,0,2,155864,31,5,13,3,0
1449,0,45,181355,73,0,10,3,0
1562,1,86,129914,92,0,1,3,0
1669,0,101,174275,4,5,0,2,0
1345,1,75,93786,44,3,3,1,1
1113,1,74,175041,25,0,4,1,0
1224,1,74,184838,18,9,8,5,0
654,1,26,152717,15,4,1,6,0
422,0,52,183540,96,3,0,6,0
1509,1,19,179269,93,3,6,3,0
1751,1,79,95839,30,4,7,2,1
1577,0,13,189689,37,5,8,5,0
339,0,7,123804,28,1,14,1,0
216,0,46,66000,70,5,3,3,1
1342,1,38,76103,62,4,9,3,1
1339,1,12,79257,82,5,6,2,1
1739,1,10,164214,77,7,0,4,0
575,0,87,60856,23,0,1,6,1
1385,0,54,104467,72,9,5,1,1
687,0,53,74869,12,5,0,3,1
323,0,86,110667,100,5,2,4,0
102,0,49,4000,48,4,1,7,1
845,0,40,176551,45,5,8,1,0
172,1,28,4000,75,4,0,2,1
108,1,54,78000,46,7,1,1,1
788,1,67,107409,2,0,1,6,1
1981,0,7,86925,76,0,7,2,1
917,0,22,67582,13,0,1,3,1
657,0,26,148236,28,4,1,1,0
532,1,90,152571,66,1,14,5,0
699,1,5,158123,84,0,1,1,0
664,0,94,159537,37,1,4,1,0
986,1,31,55109,53,0,8,3,1
1099,1,91,79531,4,0,1,1,1
1424,0,50,145678,55,4,0,1,0
1041,0,1,111424,80,3,8,5,0
1832,0,79,99418,27,0,4,2,1
121,1,29,36000,56,4,0,3,1
1525,0,99,150782,18,4,8,2,0
1404,0,57,119366,94,2,4,2,0
249,0,34,41000,2,0,1,2,1
482,0,34,154888,43,5,9,6,0
824,0,6,122698,100,3,8,1,0
1264,0,65,174114,31,7,1,1,0
1763,0,13,61917,16,0,7,2,1
1246,0,74,55875,94,2,0,5,1
1376,0,74,132983,67,5,7,7,0
936,0,68,71467,81,0,5,7,1
938,0,100,56851,72,3,6,3,1
406,0,65,119889,11,0,17,6,0
758,0,83,118110,26,2,1,5,0
601,1,37,76567,85,1,16,1,1
98,0,27,67000,50,0,0,2,1
1334,0,97,133614,58,0,7,4,0
1165,0,16,136747,3,5,1,1,0
1687,0,70,146016,38,0,1,6,0
1527,0,10,129659,59,3,6,7,0
